video,prompt
WEB360_100001.mp4,"an aerial view of a city at night, the city including buildings, lights, a parking lot and a street."
WEB360_100002.mp4,"a night view of a city with a large building and a clock tower, the building and the tower have lights on them"
WEB360_100003.mp4,"an aerial and panoramic view of a city from a plane, the city including a mosque, a large building, and tall buildings."
WEB360_100004.mp4,"an aerial view of a city with a clock tower, the city also includes tall buildings."
WEB360_100005.mp4,a group of people sitting on the floor of a building.
WEB360_100006.mp4,an aerial view of a city with tall buildings and a mosque.
WEB360_100007.mp4,"an aerial view of a city at night, the city including an airport"
WEB360_100008.mp4,"a panoramic aerial view of a dirt field with a sky background, including a dirt road and trees."
WEB360_100009.mp4,"a panoramic view of a field and desert at sunset, with the sun setting in the middle and a sky in the background."
WEB360_100010.mp4,"a panoramic aerial view of a field with a river running through it, the field surrounded by a forest"
WEB360_100011.mp4,a panoramic view of a large open field with a river running through it.
WEB360_100012.mp4,"a panoramic aerial view of a colorful landscape, the landscape includes a lake surrounded by a mountain range, with clouds in the sky."
WEB360_100013.mp4,"a panoramic aerial view of a river with steam coming out of it in the middle of a field, including a mountain in the background and a body of water."
WEB360_100014.mp4,"a panoramic view of a large body of water, likely a river, running through a wide open field, the scene is surrounded by mountains."
WEB360_100015.mp4,a large body of water surrounded by mountains and a lush green field
WEB360_100016.mp4,an aerial view of a wide open field transitioning into a desert with a mountain in the background and a river running through it.
WEB360_100017.mp4,"an aerial view of a field surrounded by a mountain range, including a lake in the foreground and mountains in the background."
WEB360_100018.mp4,"a panoramic aerial view of a city with tall buildings, a river, a bridge and a building"
WEB360_100019.mp4,an aerial and panoramic view of a city at night
WEB360_100020.mp4,"a panoramic view at sunset, featuring a large building with a clock tower, surrounded by parking lots, trees, and a waterway."
WEB360_100021.mp4,"a panoramic aerial view of a city with a tall tower and a park, as seen from a plane"
WEB360_100022.mp4,"a fireworks display over a blurry city at night, visible from an aerial view."
WEB360_100023.mp4,"a view of a city at night from the top of a building, the city is blurry with a parking lot filled with lots of parked cars and a busy street."
WEB360_100024.mp4,"a panoramic and aerial view of a city at sunset, the city having tall buildings and snow on the ground."
WEB360_100025.mp4,"a panoramic aerial view of a city in winter, the city including a church, a river, and tall buildings."
WEB360_100026.mp4,"an aerial view of a city with a river running through it, the river including a boat and boats."
WEB360_100027.mp4,"a large fountain in a city park where the sun shines brightly, with people standing around and a bridge in the background, the scene also includes people walking down a street next to a tall building."
WEB360_100028.mp4,"an aerial and panoramic view of a large city with a green-roofed building, a river, and a bridge."
WEB360_100029.mp4,"an aerial panoramic view of a large white and gold city with a river running through it, the city includes a building with a cross and gold domes on top of it."
WEB360_100030.mp4,"an aerial view of a city at night, the city includes a bridge over a body of water."
WEB360_100031.mp4,"an aerial and panoramic view of a city with a bridge over a large body of water, including a river."
WEB360_100032.mp4,"a panoramic aerial view of a city with a soccer stadium, a river, and a bridge over the river."
WEB360_100033.mp4,"a panoramic and aerial view of a stadium with a baseball field, where a river runs through it, against a sky background."
WEB360_100034.mp4,"a panoramic and aerial view of a soccer stadium with the water and the sky in the background, viewed from the top of a building."
WEB360_100035.mp4,"an aerial view of a Volgograd stadium near a large body of water, with a bridge and a beach in the vicinity."
WEB360_100036.mp4,"an aerial view of a city with an airport at night, the city view is partially blurry"
WEB360_100037.mp4,"an aerial view of a city with a stadium, a beach, and a body of water, the city including lots of buildings, the ocean with the word Sochi on it is also visible."
WEB360_100038.mp4,an aerial view of a city with a stadium at night
WEB360_100039.mp4,an aerial and panoramic view of a city at sunset with a lake in the background
WEB360_100040.mp4,"a large group of fish swimming in the ocean, with a boat in the middle of the large body of water, and an underwater view of a coral reef with the word airpano over it."
WEB360_100041.mp4,"a large group of fish swimming in the ocean over a coral reef, with a person swimming with a scuba mask on"
WEB360_100042.mp4,a man in a scuba suit is surrounded by a large group of fish swimming in the ocean
WEB360_100043.mp4,"an underwater view of the ocean full of bubbles, with large groups of fish swimming both in the ocean and an aquarium."
WEB360_100044.mp4,"a large group of fish, including a school, swimming in the blue ocean with a man and a boat in the water."
WEB360_100045.mp4,"a view from the top of a cliff showcasing a waterfall, a plane flying over a lush green hillside, a very tall mountain and an aerial view of a mountain range under a blue sky with clouds."
WEB360_100046.mp4,"an aerial view of a bird flying over a waterfall, the top of a mountain, the ocean, land, and a plane flying over a lush green hillside."
WEB360_100047.mp4,"an aerial view of a waterfall in the mountains, with birds flying over the lush green hillside and field under a blue sky."
WEB360_100048.mp4,"a blurry photo of an ice cave with the word alpaco on it, the cave filled with lots of ice formations hanging from the ceiling, including a view of the ocean."
WEB360_100049.mp4,"a picture of a person standing in an ice cave in the middle of a frozen lake, with a large iceberg in the ocean, a building with ice on the ground, and the word airpano over it."
WEB360_100050.mp4,"an aerial view of a sunny scene with snow covered mountains, clouds, icebergs in the water, and ice floes."
WEB360_100051.mp4,"a blurry photo of a man walking through a building with ice on the walls and icicles hanging from the ceiling, the building resembling an ice cave, with a snow covered ground."
WEB360_100052.mp4,"a large iceberg floating in the middle of a large body of water, with the ocean and sky in the background"
WEB360_100053.mp4,"a large body of water sitting under a blue sky, viewed aerially."
WEB360_100054.mp4,a computer generated image of a boat traveling across a large body of water with icebergs and a sky in the background.
WEB360_100055.mp4,"a view of a group of people and a man driving a boat on the ocean, the boat includes a room with a bed and a table."
WEB360_100056.mp4,"a view from inside a plane of a man wearing headphones in the cockpit, a person riding a boat and a group of people riding in the back of a helicopter over the ocean."
WEB360_100057.mp4,"an aerial view from a plane or helicopter over a large body of water, including the ocean with ice floes."
WEB360_100058.mp4,"a picture of a man swimming in the ocean with a lot of jellyfish and a camera, the ocean including a body of water and a jellyfish."
WEB360_100059.mp4,a blurry photo of a person and a man swimming in a large body of ocean with a jellyfish.
WEB360_100060.mp4,"an underwater view of the ocean with a person in a wet suit diving and swimming, a jellyfish, and a blurry photo of a boat in the water."
WEB360_100061.mp4,"a blurry photo of a person swimming in a large body of water with a scuba mask on, including a boat in the water."
WEB360_100062.mp4,"a blurry photo of a green ocean with a person swimming, a boat in the water, and the words airpano."
WEB360_100063.mp4,a blurry photo of a man in a wet suit riding a wave on top of a surfboard in a large body of water.
WEB360_100064.mp4,a snow covered mountain under a blue sky with the sun shining over it.
WEB360_100065.mp4,a snowboarder is going down a snow covered mountain with a bright sun in the sky
WEB360_100066.mp4,"a man standing on top of a snow covered mountain range, with the sun shining over it, as seen from an aerial view."
WEB360_100067.mp4,"a panorama and 3D image of a grassy field with a mountain in the background, including a wind turbine in the foreground."
WEB360_100068.mp4,"an aerial view of a lush green forest in a valley with mountains in the background, a man riding a zip line over the forest, and a mountain with a cable car."
WEB360_100069.mp4,"a 3D image of a river running through a valley surrounded by mountains, the river with rocks and grass, and a mountain in the background"
WEB360_100070.mp4,"a wide angle aerial view of a mountainous landscape featuring a dirt road, rocks, grass and a river running through a valley."
WEB360_100071.mp4,"a room with a group of people standing next to a fireplace, a cat laying on a rug in the room, the cat is black and white."
WEB360_100072.mp4,"The output would be: a man standing in a room with a green cabinet, a cat in front of a fish tank, a gray cat sitting on top of a counter, and a cat sitting on top of a chair."
WEB360_100073.mp4,"a blurry photo of a person standing in a restaurant with a rug on the floor, a dog in the room, a cat on a table"
WEB360_100074.mp4,"a blurry image of a man walking through a room with bookshelves, the room containing two dogs, a chair, and a laptop computer sitting on top of a rug."
WEB360_100075.mp4,"a photo capturing a man standing and a woman sitting at a wooden table, with a cat in a basket and a potted plant on the table."
WEB360_100076.mp4,"a man standing in a living room with a red rug, a table, chairs, a cat sitting on a chair, and a dog on a leash."
WEB360_100077.mp4,"a computer generated image of a view from a plane over a large body of ocean, featuring a mountain, a boat, and views from both the boat and the plane."
WEB360_100078.mp4,an aerial view from a plane flying over a large body of ocean water.
WEB360_100079.mp4,"an image of the ocean viewed from a plane, with the sun shining brightly over the water and a computer-generated boat in the ocean."
WEB360_100080.mp4,"a view of the sun shining through ice formations in the snow on the water, including a polar bear standing on top of an ice floe and a painting of ice and snow on a wall."
WEB360_100081.mp4,"a computer generated image of a long stretch of snow covered ground next to a beach, with the sun shining over the ocean under a blue sky"
WEB360_100082.mp4,"a person standing on top of a snow covered mountain, flying a kite on a snowy beach, with views of the ocean from a boat in the water and a body of water with mountains in the background."
WEB360_100083.mp4,"a panoramic view of a large cliff covered in snow next to a body of water, including a snow covered field, a snow covered beach and a snow covered landscape."
WEB360_100084.mp4,a view of a boat floating on a large body of water with mountains and sky in the background
WEB360_100085.mp4,"a large body of water covered in ice and snow, with a boat traveling through it on a cloudy day."
WEB360_100086.mp4,"a panoramic view of a snow-covered landscape, including a beach with a cliff in the background, a large body of water, and a polar bear standing in the snow on a cloudy day."
WEB360_100087.mp4,"a view of a large body of water, possibly the ocean, from a boat under a cloudy sky."
WEB360_100088.mp4,"a view of the ocean with a body of water and a mountain in the background, as seen from a plane and a boat on a sunny day."
WEB360_100089.mp4,"a large expanse of a snow covered beach next to the ocean with a mountain side, trees, rocks and a sky in the background."
WEB360_100090.mp4,"a computer generated image of a large body of water covered in ice with a boat traveling through it, under the shining sun"
WEB360_100091.mp4,"a sunny day view from a boat, with a large body of water, a snow covered mountain with a snowboarder in the foreground, and a 3d image of a beach with a mountain in the background."
WEB360_100092.mp4,"a wide shot of a group of people standing on a snow-covered beach slope, a snowboarder going down the hill, and a large amount of ice floating on the body of water."
WEB360_100093.mp4,"a group of people standing on top of a snow covered slope and a frozen lake, with a view of the ocean from a boat and a 3d image of a beach with a mountain in the background."
WEB360_100094.mp4,"a computer generated view of the ocean from a plane, including a boat in the distance and mountains in the background."
WEB360_100095.mp4,"an ice cave with a view of the ocean and icicles hanging from the ceiling, featuring a group of ice formations."
WEB360_100096.mp4,"a picture of a group of people standing on top of an ice covered body of water, including a person in the water and a frozen lake."
WEB360_100097.mp4,"a computer generated panoramic view of the ocean from a boat, the ocean being a large body of water with a sky in the background"
WEB360_100098.mp4,"a view of a city and a blurry bridge from the water, a bench sitting next to the dock."
WEB360_100099.mp4,"a panoramic view of a group of people sitting on a beach next to a large body of water, the beach has a bunch of boats in it and a bridge in the background"
WEB360_100100.mp4,"a blurry photo of a city street with people walking down it, cars, tall buildings and a statue of a man in front of a building."
WEB360_100101.mp4,an aerial view of a city with tall buildings at sunset transitioning to night.
WEB360_100102.mp4,"an aerial view of a city by the ocean at dusk, the city surrounded by a large body of water."
WEB360_100103.mp4,"an aerial view of a city at sunset and at night, the city including a body of water."
WEB360_100104.mp4,"an aerial view of a city at night and at sunset, the city is near a large body of water with a sky background."
WEB360_100105.mp4,"an aerial and panoramic view of a city at night, the city is located near a large body of water."
WEB360_100106.mp4,an aerial view of a city at night.
WEB360_100107.mp4,an aerial view of a city at night.
WEB360_100108.mp4,"a blurry photo of a busy city street at night, filled with lots of people, tall buildings, and traffic."
WEB360_100109.mp4,"a view of a city at night from a distance and from the top of a building, including an aerial view."
WEB360_100110.mp4,a panoramic and aerial view of a city at night
WEB360_100111.mp4,"a large display of colorful lights in a city at night, with a group of people standing under a lit up arch, around a building on a street."
WEB360_100112.mp4,"a crowd of people walking down a street at night, next to tall buildings, with large groups of people standing in and around a building."
WEB360_100113.mp4,"a large group of people walking through a city environment including a mall, a building, and a street with tall buildings."
WEB360_100114.mp4,"a large group of people walking across a bridge, down a street next to a very large and tall building with a tower in the background."
WEB360_100115.mp4,"a view of a large body of water next to a city, with a group of people walking across a parking lot in the background."
WEB360_100116.mp4,"a panoramic and aerial view of a city at night, the city including a river running through and next to tall buildings."
WEB360_100117.mp4,"a panoramic and aerial view of a city at night, the city with a lot of tall buildings, viewed from across the water."
WEB360_100118.mp4,an aerial view of a city at night with a large body of water in the background.
WEB360_100119.mp4,"a group of people walking down a street across a cross walk, the street is next to tall buildings."
WEB360_100120.mp4,a busy city street filled with lots of people walking across and down the street next to tall buildings.
WEB360_100121.mp4,a crowd of people walking across a cross walk on a street at night.
WEB360_100122.mp4,"a crowd of people walking across a street at night, the street being a crosswalk next to tall buildings, with a man standing in front of the crowd."
WEB360_100123.mp4,"a city street at night filled with a crowd of people crossing and walking, holding umbrellas"
WEB360_100124.mp4,"an aerial panoramic view of a landscape including a waterfall in the middle of a river, a body of water with a sky in the background, and trees."
WEB360_100125.mp4,"a bird-eye view of a large waterfall with a rainbow in the sky, the scene including a cliff with trees and water, and a group of people standing in a field in the distance."
WEB360_100126.mp4,"a view from a boat and an aerial view of a body of water including a river, with a sky background."
WEB360_100127.mp4,"a panoramic aerial view of a canyon with a river running through it, featuring a man flying through the air while riding both a surfboard and a kiteboard."
WEB360_100128.mp4,"an aerial view of a cliff with a bridge over a river, a waterfall surrounded by trees, and a man riding a skateboard down the side of the cliff."
WEB360_100129.mp4,a view from a boat of a man riding a surfboard on a river near a rocky beach.
WEB360_100130.mp4,"a group of people, including a man, riding on the back of a yellow raft and a surfboard down a river, with a view of the ocean from a boat."
WEB360_100131.mp4,"an aerial and panoramic view of a landscape, featuring a road near a waterfall, a body of water surrounded by land, a field with a sky background, and a river running through a canyon."
WEB360_100132.mp4,"an aerial view of a river with a waterfall, the scene includes a blurry sky in the background and is surrounded by land."
WEB360_100133.mp4,"a panoramic and aerial view of a large waterfall with a rainbow in the sky, the waterfall is in the middle of a river with rapids, and a field nearby."
WEB360_100134.mp4,"an aerial view of a desert with a mountain and sky in the background, including a computer generated image of the landscape"
WEB360_100135.mp4,"a computer generated 3D image of a desert landscape with a rocky outcropping, under a setting sun."
WEB360_100136.mp4,a panoramic and 3D view of a rocky mountain range including a man riding a surfboard on top of a cliff and a canyon in the desert.
WEB360_100137.mp4,"a 3D image of a desert with mountains, rocks, sand, and a sky background"
WEB360_100138.mp4,a panoramic view of a large rock and a computer generated pyramid in the desert landscape under a blue sky with clouds.
WEB360_100139.mp4,"a 3D panoramic image of a desert landscape taken from a vehicle, the desert including a building in the middle of it and a jeep driving through it."
WEB360_100140.mp4,"a panoramic and aerial view of a desert with rocks, sand and a blue sky."
WEB360_100141.mp4,"a 3D image of a desert landscape with an aerial view, the desert including rocks, sand in the foreground, a sky background, and a mountain in the background."
WEB360_100142.mp4,"a panoramic and 3D view of a desert landscape from a high point, featuring a blue sky in the background and a dirt road."
WEB360_100143.mp4,"a panoramic 3D view of a desert landscape, featuring a rocky outcropping and cliff, sand in the foreground, and a mountain in the background."
WEB360_100144.mp4,a computer generated aerial view of a desert landscape at sunset.
WEB360_100145.mp4,"a panoramic and 3D view of a desert landscape with rocks, sand and a mountain, the scene also includes a blurry and rocky mountain against a sky background."
WEB360_100146.mp4,"a panoramic picture of a desert with a dirt road, rocks, sand, and a mountain in the background."
WEB360_100147.mp4,"a 3d image of a desert landscape with mountains in the distance, including rocks and sand, adjacent to a sandy beach with a few parked cars and a rock formation in the background"
WEB360_100148.mp4,"a computer generated image of a desert landscape with rocks and a mountain in the distance, the image might appear blurry."
WEB360_100149.mp4,"an aerial view of a field with a wind turbine and a windmill in the distance, the field being part of a farm land under a blue sky."
WEB360_100150.mp4,"an aerial view of a river running through a green field with a wind turbine and windmills, including a blurry sight of a truck in the field."
WEB360_100151.mp4,"a large field full of red flowers under a cloudy sky, with a group of people walking down a sidewalk next to it."
WEB360_100152.mp4,"an aerial view of a large farm field under a cloudy sky, the field including green grass, flowers, crops, and people in it."
WEB360_100153.mp4,"an aerial view of a farm field with a wind turbine and a windmill, with a blue sky in the background"
WEB360_100154.mp4,"an aerial view of a large farm land in the country, the farm including a field of crops, a wind farm, and a field of flowers, with a blue sky in the background."
WEB360_100155.mp4,"an aerial view of a farm field with a river and a windmill, the field also including flowers."
WEB360_100156.mp4,"an aerial view of a farm field with windmills and a wind turbine in the background, the field including flowers and tulips."
WEB360_100157.mp4,a large field full of red flowers under a mixture of blue and cloudy sky.
WEB360_100158.mp4,"a sandy beach with footprints in the sand, a woman walking along the beach next to the ocean, and the sun shining on the beach with clear water."
WEB360_100159.mp4,"a blurry photo of the ocean with waves and a kite in the air, featuring a small helicopter and a plane flying over the water"
WEB360_100160.mp4,an aerial view of a coral reef in the ocean with a blue helicopter and a plane flying over it.
WEB360_100161.mp4,"an aerial view of a large body of water with a sandy beach, featuring a helicopter and a small plane flying over."
WEB360_100162.mp4,"a view of the ocean from a plane, featuring a blue helicopter flying over the water under a blue sky, and a plane flying over the large body of water."
WEB360_100163.mp4,"an aerial view from a helicopter of a sandy beach with blue water, a large body of water with a small island in the middle of it, and a plane flying over it."
WEB360_100164.mp4,"a plane and a helicopter flying over a large body of water on a sunny day, including an aerial view of an island in the middle of the ocean."
WEB360_100165.mp4,a view of the ocean from a wooden pier with a red helicopter sitting on top.
WEB360_100166.mp4,a view of the ocean from a small blue plane flying over a sandy beach and a body of water.
WEB360_100167.mp4,"an aerial view of a large body of water on a sunny day, including a blurry photo of the ocean and sky, with a helicopter and a small plane flying over it."
WEB360_100168.mp4,"a man flying a plane over a large body of water, the scene including a bird flying and a small airplane in the blue sky."
WEB360_100169.mp4,"a view of the ocean with the sun shining over the water, two sightings of a red helicopter flying over the water as seen from a boat."
WEB360_100170.mp4,"a panoramic view of a beach and ocean with the sun shining, featuring a red helicopter flying over the sandy beach next to the water."
WEB360_100171.mp4,"a computer generated image of a man in a desert, the landscape includes a mountain, rocks, a stream under a cloudy sky, and a rocky area."
WEB360_100172.mp4,"a computer generated 3D image of a man standing in front of a gate under a cloudy sky, with a mountain, rocks, and a body of water in the surroundings."
WEB360_100173.mp4,"a screenshot of a man walking through a computer-generated image of a rocky cave landscape, with a cliff and sky in the background."
WEB360_100174.mp4,"a 3D computer generated image of a rocky desert landscape with a cloudy sky, a dirt road, a person standing and a red object sitting on a rocky hill."
WEB360_100175.mp4,"a view of a couple of people standing on top of a desert area, including a dirt field and rocky mountains, with a dark and cloudy sky in the background."
WEB360_100176.mp4,a computer generated image of a man kneeling down and another man riding a bike in a rocky landscape
WEB360_100177.mp4,a computer generated image of a sci-fi scene with a rocky landscape
WEB360_100178.mp4,"a computer generated panoramic view of a rocky landscape, including rocks and dirt."
WEB360_100179.mp4,"a computer generated image of a man standing on a rocky terrain, including a dirt field and landscape."
WEB360_100180.mp4,a computer generated image of a desert landscape
WEB360_100181.mp4,a computer generated image of a desert landscape.
WEB360_100182.mp4,a computer generated image of a desert landscape.
WEB360_100183.mp4,a 3D computer generated image of a rocky landscape with a sky background.
WEB360_100184.mp4,a computer generated image of a rocky landscape featuring a rock formation.
WEB360_100185.mp4,a computer generated image of a desert landscape
WEB360_100186.mp4,"a group of people, including a man, walking around and in front of a large, tall building and down a street."
WEB360_100187.mp4,a view of a large white building with a golden dome and a green roof
WEB360_100188.mp4,"a panoramic view of a large white and gold building with a cross on top, a green roof, and a sky background, located in a city with a river running through it"
WEB360_100189.mp4,a panoramic aerial view of a large white building in a city with a river running through it.
WEB360_100190.mp4,"a wide, blurry shot of a city at night, the scene includes a city street, a city skyline and a boat floating on a body of water."
WEB360_100191.mp4,"an aerial view of a city with a large white building having a green roof, a river running through it"
WEB360_100192.mp4,"a blurry photo of a large building with a red star on top, located in a city viewed at night from an aerial perspective."
WEB360_100193.mp4,"an aerial and panoramic view of a city with a clock tower, a large building, and a train on the tracks."
WEB360_100194.mp4,"an aerial and panoramic view of a large city with a carnival ride having a star on top, tall buildings, and a large clock tower."
WEB360_100195.mp4,a blurry aerial view of a city at night
WEB360_100196.mp4,"a 3D image of a large cannon sitting in front of a building with a clock tower, a sign that says airpano vr production, and a street in the background."
WEB360_100197.mp4,"a panoramic and aerial view of a city with large white and gold buildings, including a building with two towers."
WEB360_100198.mp4,an aerial view of a city at dusk with a red star on top of a building
WEB360_100199.mp4,a group of people walking down a street next to and around tall buildings
WEB360_100200.mp4,"an aerial view of a city with tall buildings, featuring a helicopter and an airplane flying over it."
WEB360_100201.mp4,a panoramic and aerial view of a city with tall buildings at sunset.
WEB360_100202.mp4,"a busy city street filled with lots of people, the street including a red truck driving down next to tall buildings"
WEB360_100203.mp4,"a panoramic and aerial view of a large city with tall buildings and a river running through it, as well as a body of water."
WEB360_100204.mp4,"an aerial view of a city at sunset, with a plane and a man in a helicopter flying over it, and a large body of water"
WEB360_100205.mp4,an aerial and panoramic view of a city at night.
WEB360_100206.mp4,an aerial and panoramic view of a city at night
WEB360_100207.mp4,"a blurry picture of a busy city at night with lots of traffic, a crowd of people walking around the city, and busy city streets."
WEB360_100208.mp4,a panoramic aerial view of a city at night.
WEB360_100209.mp4,an aerial and panoramic view of a city at night.
WEB360_100210.mp4,"an aerial view of a river running through a canyon, the view including a waterfall with a rainbow in the background, a field with trees and land."
WEB360_100211.mp4,"an aerial view of a landscape featuring a waterfall in the middle of a field, a body of water surrounded by land, a forest under a blue sky, and a waterfall in the middle of a river."
WEB360_100212.mp4,"an aerial view of a waterfall in the middle of a field, surrounded by a body of water, a forest, a bridge and a river."
WEB360_100213.mp4,"a panoramic and aerial view of a field surrounded by land, with a sky background, a river, and a waterfall in the middle of a forest."
WEB360_100214.mp4,"a person walking down a city street filled with lots of tall buildings, with a computer generated image of a bike parked in a parking garage."
WEB360_100215.mp4,"a view of a city from the top of a skyscraper, the city including tall buildings and views from a high rise building."
WEB360_100216.mp4,"a panoramic view of a city from the top of a skyscraper, the city having tall buildings."
WEB360_100217.mp4,a city street filled with lots of tall buildings with a person standing in front of a large building.
WEB360_100218.mp4,a panoramic and aerial view of a city with tall buildings
WEB360_100219.mp4,"a city street filled with traffic and a person riding a skateboard, the street is next to tall buildings and has a parking lot with cars parked in it."
WEB360_100220.mp4,"a picture of a city filled with lots of traffic, the city includes tall buildings and a car driving down the street."
WEB360_100221.mp4,"a view of a city from the top of a very tall building, the city featuring multiple high rise buildings."
WEB360_100222.mp4,"a view of a big city from the top of a very tall building, the view including a high rise building and the city towering over."
WEB360_100223.mp4,"a panoramic view of a city with very tall buildings, one of which has a clock on the top."
WEB360_100224.mp4,a panoramic aerial view of a city with tall buildings
WEB360_100225.mp4,"a panoramic view of a city with tall buildings, including a large building with a green dome on top of it."
WEB360_100226.mp4,"a panoramic view of a city from the top of a building, the city filled with tall buildings"
WEB360_100227.mp4,"a panoramic view of a city from the top of a skyscraper, the city with tall buildings."
WEB360_100228.mp4,"a close up of a city from the top of a building, the city including a building with a clock on it."
WEB360_100229.mp4,"a computer generated image of a city street filled with lots of traffic, next to a body of water and a bridge, including a building with multiple windows."
WEB360_100230.mp4,"The output is: an aerial view of a large waterfall on a hill, 20 meters above ground level, surrounded by a lush green forest, with a mountain and a sky background."
WEB360_100231.mp4,"an aerial view of a lush green landscape, including a large waterfall with a small waterfall in the middle of it, a hillside and a forest."
WEB360_100232.mp4,"an aerial view of a grassy hill with a waterfall in the mountains, the hill being part of a field, supplemented by a computer generated image."
WEB360_100233.mp4,"an aerial view of a lush green valley with a waterfall producing a rainbow, a field, and a mountainside under a cloudy sky"
WEB360_100234.mp4,a blurry photo of a very large waterfall in the middle of a mountain with clouds in the sky.
WEB360_100235.mp4,a panoramic view of a rocky cliff with a body of water in the background and a mountain under the blue sky
WEB360_100236.mp4,"an aerial view of a large waterfall in the middle of a mountain, overlooking the ocean with a cloudy sky, the scene includes a cliff under a blue sky."
WEB360_100237.mp4,"a 3D picture of a lush green field with a waterfall, surrounded by a forest and a hillside, with a mountain in the background and trees on the mountain."
WEB360_100238.mp4,"an aerial view of a very tall and lush green mountain with a bunch of trees on top of it, a waterfall is seen from the top of a cliff, and there is a body of water nearby."
WEB360_100239.mp4,"a large waterfall with a man standing on the edge of a cliff that has a very tall cliff on top of it, also includes an aerial view of the ocean and clouds."
WEB360_100240.mp4,"a blurry photo of a waterfall in the middle of a foggy forest, with an airplane flying in the sky over a cliff and a body of water, under a cloudy sky."
WEB360_100241.mp4,"a computer generated image of a landscape that includes a waterfall with a rainbow, a cliff, a body of water, a mountain side and clouds in the sky."
WEB360_100242.mp4,a blurry photo of a ship and a boat in the middle of the ocean on a foggy day.
WEB360_100243.mp4,"a blurry photo of a boat in a large body of water surrounded by fog, with people on it."
WEB360_100244.mp4,"a ship and a boat traveling through the ocean on a foggy day, with an iceberg floating in the water."
WEB360_100245.mp4,"an aerial view of a large boat floating on the ocean with ice floes, an airplane flying over ice covered ground with a mountain in the background, the view taken from the boat."
WEB360_100246.mp4,"a large boat floating on a body of water, with a group of people on it in the snow, against a backdrop of a snow-covered ground and sky."
WEB360_100247.mp4,"an aerial view of a large boat in the ocean with people on it, a mountain, a bird flying over, and ice floes."
WEB360_100248.mp4,"an image of a person riding a boat on a large body of water, with a large iceberg floating on it and other icebergs in the background."
WEB360_100249.mp4,"a large iceberg floating in the middle of the ocean, with a group of people on small boats and a boat floating on the water."
WEB360_100250.mp4,"a person standing on a boat traveling through a body of water covered in ice, with large icebergs floating in the middle of the water."
WEB360_100251.mp4,"a scene in the snow with a penguin sitting and standing on a rock, a snowboarder going down a hill, and a group of penguins on a sandy beach."
WEB360_100252.mp4,"a blurry photo of a group of birds and a man in a red jacket on a beach, the beach with a boat in the water and a dirt field, the birds are walking across the field and standing on the sand, the man is squatting on a rocky area."
WEB360_100253.mp4,a computer-generated panoramic view of icebergs and ice floes floating in the ocean.
WEB360_100254.mp4,"a panoramic view of a large body of water with icebergs and a snow-covered mountain in the background, including a lake, mountains, and a snow-covered beach."
WEB360_100255.mp4,"a panoramic, fish-eye view of a snow covered mountain with rocks, a body of water, all under a sky background."
WEB360_100256.mp4,"a view of a large iceberg floating in the middle of the ocean from a boat, under a cloudy sky."
WEB360_100257.mp4,"a panoramic view of a snow covered mountain and field with a body of water in the background, icebergs in the distance, and a beach."
WEB360_100258.mp4,"an aerial view of a lush green field in the mountains, the field including a golf course, a river running through it, and a mountain in the background."
WEB360_100259.mp4,"an aerial view of a lush green countryside with a river running through it, including a green hillside and a green field."
WEB360_100260.mp4,"a fish eye and panoramic view of a snowy beach with a river, a snow covered bridge over a stream, a small island in the background, and a man riding a surfboard on top of the body of water."
WEB360_100261.mp4,"a panoramic view of a dog walking across a river running through a lush green hillside with trees, located next to a mountain lake."
WEB360_100262.mp4,"an aerial view of a green field with a river running through it, including a panoramic view of a snow-covered mountain."
WEB360_100263.mp4,a wide and 3D shot of a river running through a lush green countryside field.
WEB360_100264.mp4,a brown bear walking across a river that runs through a lush green countryside with a hillside and a mountain in the background
WEB360_100265.mp4,"a brown bear walking across a river that runs through a lush green countryside, which includes a hillside and a field."
WEB360_100266.mp4,"a panoramic view of a lush green countryside with a river running through it, the scene featuring a grassy field and a mountain."
WEB360_100267.mp4,a fish eye view of a river running through a lush green countryside and field.
WEB360_100268.mp4,"a panoramic and aerial view of a city with a bridge, a river, green field and buildings."
WEB360_100269.mp4,"a panoramic view of a city with a river running through it, seen from a bridge and an aerial perspective."
WEB360_100270.mp4,"a panoramic and aerial view of a city with a clock tower, tall buildings, a bridge over a river, and a river running through the city."
WEB360_100271.mp4,"an aerial view of a city with tall buildings, a river, and a bridge."
WEB360_100272.mp4,"a panoramic aerial view of a small village located in a rural area on a hill, surrounded by a forest and mountains."
WEB360_100273.mp4,The output is: a computer generated 3D image of a man in a red robe walking up some steps in a brick building with a bird flying over a stone walkway next to a forest.
WEB360_100274.mp4,"a view of a person standing in front of a house in the middle of a field, with a group of people standing on a stone walkway and walking across a stone road."
WEB360_100275.mp4,"a blurry image of a street with a group of people walking around a park, a person sitting at a table, a building and a house in the woods in the background."
WEB360_100276.mp4,"a virtual view of a village in the mountains, the village including a small white building on a lush green field, a house in the middle of a field, and a bench on a stone walkway."
WEB360_100277.mp4,"an aerial view of a mountainous area, including a parking lot with cars, a boat in the water, and a road with a sign that says 'airpano vr production'."
WEB360_100278.mp4,"a view of a town with a group of people walking around a white building and down a street, a clock tower in the middle of the town, and a train station with a sky background."
WEB360_100279.mp4,a group of people standing around a field and holding flags.
WEB360_100280.mp4,"an aerial view of a rural village located in the middle of a field, the scene includes farmland, mountains in the background, and a field."
WEB360_100281.mp4,"a view from a vehicle of a field with white flowers, trees, and an apple orchard in bloom, including a blurry photo of a tree with the words air plane on it."
WEB360_100282.mp4,"a picture of a woman in a white dress standing in a blurry, virtual field with flowers, trees and grass."
WEB360_100283.mp4,"a picture of a field with trees, flowers and an apple tree, including a blurry view of an apple tree."
WEB360_100284.mp4,"a picture of a field with trees, flowers, and a 3D image of a bride and groom in an apple orchard."
WEB360_100285.mp4,a 3d image of a woman in a white dress walking through a field with apple trees and flowers in an orchard.
WEB360_100286.mp4,"an aerial 3D view of a person flying a kite in a desert landscape, the landscape including a dirt field, mountains in the background"
WEB360_100287.mp4,"a 3D aerial view of a mountain with a sky background, the scene includes clouds and a dirt field."
WEB360_100288.mp4,"a panoramic and aerial view of a mountain range with a sky background, including a large body of water."
WEB360_100289.mp4,"a 360 view of a scene including a dirt road with a hill, a beach with mountains, a mountain with steam coming out of it, and a desert with a mountain in the background."
WEB360_100290.mp4,"an aerial view of a foggy mountain range with a geyser spewing out water, a river running through it, and a blurry photo of the same river with mountains in the background."
WEB360_100291.mp4,"a panoramic and bird's eye view of a cliff in the mountains and desert, the landscape including trees and cliff face."
WEB360_100292.mp4,"a panoramic and aerial view of a canyon in the mountains with a rocky cliff, a field with a sunset in the background and a mountain in the background."
WEB360_100293.mp4,"a panoramic view of a canyon at sunset, the scene includes a mountain, a man riding a bike down a dirt road, and a rocky cliff."
WEB360_100294.mp4,"a panoramic view of a desert at sunset, featuring a cliff, a canyon, trees in the background, and a rocky cliff with trees on top."
WEB360_100295.mp4,"a panoramic view of a large waterfall from a helicopter, including a river with a rainbow in the sky and a view of the water from a boat."
WEB360_100296.mp4,"a blurry photo of a green wall with a plant growing on it, featuring a painting of a waterfall in the woods and an image of the plant growing on the side of a building."
WEB360_100297.mp4,"a blurry photo of an airplane flying over a waterfall and a forest filled with trees and bushes, with a light coming out of a cave."
WEB360_100298.mp4,"a 3D image of a man standing in front of a waterfall in a lush green forest, which is adjacent to a room with a bed and a curtain hanging from the ceiling."
WEB360_100299.mp4,"a blurry photo of a man standing on a street with trees, a plant with the words airpano, and a waterfall in the background, and a body of water also present in the scene."
WEB360_100300.mp4,"a picture of a large waterfall with water cascading down its sides taken from a boat, including a panoramic view of a foggy lake, and a blurry view of a forest with rocks and trees."
WEB360_100301.mp4,"a blurry photo of boats, including a gondola, traveling down a river next to tall buildings, with an airpano logo and a canal in front of a building"
WEB360_100302.mp4,"a boat and a gondola with people on it traveling down a large body of water, surrounded by tall buildings and a large building on the side."
WEB360_100303.mp4,"a gondola going down a canal with people on it, with a man riding a boat down a river, surrounded by tall buildings in the background."
WEB360_100304.mp4,"a scene featuring a narrow canal with gondolas, a man in a white suit standing next to a car, a building with a boat in front of it, and a gondola moving down a narrow city street."
WEB360_100305.mp4,"a gondola and a boat are moving along the water in a city with a canal and tall buildings, with a man riding a boat in the scene."
WEB360_100306.mp4,a narrow canal running through a city filled with tall buildings
WEB360_100307.mp4,a crowd of people walking down a street next to tall buildings
WEB360_100308.mp4,"a boat traveling down a narrow canal next to tall buildings with graffiti, under a bridge on a river, with a couple of people riding a gondola."
WEB360_100309.mp4,"a boat and a gondola with a stuffed animal on the front traveling down a large body of water next to tall buildings, with a large building sitting on the side of the river."
WEB360_100310.mp4,"a couple of people, including a man in a white costume and a woman in a red and white dress, are traveling down a river on a boat, the scene also featuring tall buildings nearby."
WEB360_100311.mp4,"a man riding a boat traveling down a river under a bridge, the river next to tall buildings and a building near a bridge over the water."
WEB360_100312.mp4,"a view of a man riding on a boat traveling under a bridge on a waterway, the scene also includes a building next to the bridge."
WEB360_100313.mp4,a group of people walking down a street next to tall buildings
WEB360_100314.mp4,a large crowd of people walking down a street next to tall buildings.
WEB360_100315.mp4,"a group of people walking down a city street next to tall buildings, the city street appearing blurry with people walking around, and a building with people walking by."
WEB360_100316.mp4,"a group of people in a skate park, standing in front of a building, walking down a street next to a hill and across a parking lot."
WEB360_100317.mp4,"a panoramic aerial view of a lush green forest with a river, the forest includes a tree in the woods and a wooded area with trees."
WEB360_100318.mp4,"a view of a group of people sitting on a bench next to a river, with a bunch of pandas standing in the grass and a wooden walkway in the woods"
WEB360_100319.mp4,"a group of panda bears laying in the grass on top of a pile of hay, one of them next to a river, with people standing on a bridge over the river."
WEB360_100320.mp4,"a blurry photo of a group of people and a person standing on a bridge, the people sitting on a bench next to a river with a group of panda bears laying on top of a pile of bamboo and a cat sitting on a wooden floor."
WEB360_100321.mp4,"a blurry photo of a group of people and animals on a wooden deck in the woods, standing on top of a bridge, and a man riding a bike down a dirt road, with the scene set in the grass."
WEB360_100322.mp4,"a panoramic view of a lush green park with buildings surrounded by trees, one of which is in the middle of a field."
WEB360_100323.mp4,a group of people walking down a street with a small car parked on the side of the road.
WEB360_100324.mp4,"a blurry photo of a dog running through a park with a river, trees and a group of people standing in front of a tree."
WEB360_100325.mp4,"an aerial view of a garden with a bird perched on a tree branch, a wooden bench sitting next to a forest filled with trees and a tree in a wooded area with no leaves."
WEB360_100326.mp4,"a blurry photo of a car and a motorcycle driving down a street with trees, next to a bridge in the woods and a forest."
WEB360_100327.mp4,"a blurry photo of a lush green forest with a tree in the middle, a road surrounded by trees, as seen from a bird's eye view."
WEB360_100328.mp4,"a blurry photo of a park with a tree, a building, a tennis court with people watching, and a forest with a river in the background."
WEB360_100329.mp4,"a blurry image of a lush green field with a panda bear sitting next to a tree, a tennis ball in the grass, a park bench and trees, and a group of people standing on top"
WEB360_100330.mp4,"a group of people and a person riding a bike in a forest with a wooden path, where a sign and a panda bear are present."
WEB360_100331.mp4,"an aerial panoramic view from a plane of a lush green field with trees, a city and a river."
WEB360_100332.mp4,"a blurry photo of a group of pandas and people walking in a park with a building, a fence around it and a bench in front of it"
WEB360_100333.mp4,"a blurry image of a red panda eating food out of a bowl on a wooden walkway in the woods, a person riding a train nearby, and a sign also located in the woods."
WEB360_100334.mp4,"a blurry image of a car and a white van driving down a street next to a lush green park with a forest, the street surrounded by trees and grass."
WEB360_100335.mp4,"a view of a group of people both riding down and standing by a river next to a forest, with a bench in the woods and a pond, the river running through a park."
WEB360_100336.mp4,"a blurry image of people sitting in a park with woods, a river running through it and a dog walking, the people are sitting on a bench next to the river and on a bridge over the body of water."
WEB360_100337.mp4,"an aerial view of a large body of water next to a lush green hillside, with a bridge over it and mountains in the background, also including a blurry photo of the same body of water."
WEB360_100338.mp4,"a picture of a large white building sitting in the middle of a lake, with a boat floating on top of the water, a bridge in the background, and a sky background."
WEB360_100339.mp4,"a panoramic and aerial view of a castle and a bridge overlooking a body of water, including a lake with a sky background."
WEB360_100340.mp4,"a panoramic and aerial view of a castle by a lake, the lake including a bridge and a blurry view of the water."
WEB360_100341.mp4,"a panoramic aerial view of a city with a large building featuring a clock tower, a train station, and a train on the tracks, all under a sky background."
WEB360_100342.mp4,"a panoramic aerial view of a city with a cathedral, a river running through it, a cloudy sky, and a train on the tracks."
WEB360_100343.mp4,"a panoramic and aerial view of a city with a river running through it, a train station, tall buildings, and visible from a plane."
WEB360_100344.mp4,"a panoramic aerial view of a city with a church, a river running through it, buildings, and a large industrial area."
WEB360_100345.mp4,"a panoramic aerial view of a city with a cloudy sky, the city including a church, a large building, and a train on the tracks."
WEB360_100346.mp4,"an aerial, panoramic view of a large city with many buildings and a sky background, as seen from a bird's eye view."
WEB360_100347.mp4,"a picture of a computer generated city on the edge of a cliff with a large body of water where boats are floating, and a sky background."
WEB360_100348.mp4,"a panoramic and aerial view of a coastal town with a lake, the scene includes boats sitting in the water, a body of water, rocks and a dock."
WEB360_100349.mp4,"a view of a beach, a house on a small island, a hill, all from a boat in the middle of a body of water."
WEB360_100350.mp4,"a panoramic view of a town by the ocean, the town including a city with mountains in the background, viewed from a cliff, and a lush green hillside"
WEB360_100351.mp4,"a blurry aerial view of a village on a cliff overlooking the ocean under a cloudy sky, the scene including a body of water."
WEB360_100352.mp4,"a scenic view of the ocean near a cliff, seen from a boat, with the sun shining over the water."
WEB360_100353.mp4,"a panoramic and aerial view of a beach with people on it, a boat in the water and a body of water."
WEB360_100354.mp4,"a panoramic aerial view of a small village on a cliff, surrounded by a large body of water with the sun shining over it."
WEB360_100355.mp4,"an underwater photo of a man swimming in the ocean next to a group of sharks, a large group of fish over a coral reef and a shipwreck."
WEB360_100356.mp4,"a large group of sharks including a large white shark swimming in the ocean, with a man and another person also swimming, and a boat in the background."
WEB360_100357.mp4,"a group of sharks, including a large white shark, swimming in the ocean with a net in the background, along with a group of dolphins."
WEB360_100358.mp4,"a group of people and a man swimming in the ocean with a group of sharks, including a close up of a large shark."
WEB360_100359.mp4,a picture of a large group of fish and a shark swimming in the ocean.
WEB360_100360.mp4,"a person in a wet suit swimming in the ocean with a boat in the background, accompanied by two dolphins and a group of sharks, including a large shark."
WEB360_100361.mp4,a large group of fish and a dolphin swimming in the ocean
WEB360_100362.mp4,"a man in the ocean, swimming with a shark nearby, riding a surfboard on a wave, standing on a railing in the water and on top of a cage."
WEB360_100363.mp4,a large group of fish swimming and birds flying over a blue ocean.
WEB360_100364.mp4,"a large group of fish and a man riding a surfboard in the ocean, with a man standing in a cage containing fish in the water."
WEB360_100365.mp4,"a group of people standing on top of a cage under water in the ocean, where dolphins, a great white shark and a large group of fish are swimming."
WEB360_100366.mp4,"an underwater view of a man in a wet suit diving over a coral reef in the ocean, the reef includes a fish, green seaweed, and a seabed with algae."
WEB360_100367.mp4,"an underwater view in the ocean including a rock formation, a coral reef with rocks and algae, a man scuba diving with a camera over the reef"
WEB360_100368.mp4,"a man is diving in a large body of water, featuring an underwater view of a boat floating on top, a coral reef, and an ocean with a logo on it."
WEB360_100369.mp4,"an underwater view in the ocean, featuring a turtle swimming over a coral reef, a wreck, and algae growing on the reef, surrounded by blue water."
WEB360_100370.mp4,"an underwater view of a person swimming in the ocean over a coral reef with a sea turtle, a large group of fish, and algae."
WEB360_100371.mp4,"an underwater view of a person and a man swimming in the ocean with a turtle, over a coral reef and a ship wreck on the ocean floor."
WEB360_100372.mp4,"an underwater view of a large turtle swimming over a coral reef in the ocean, the coral reef with the word airpano over it."
WEB360_100373.mp4,"a blurry photo of a man swimming and riding a surfboard in the large blue ocean, a turtle also swims in the ocean with an airpano logo."
WEB360_100374.mp4,"an underwater view of a turtle swimming over a coral reef in the ocean, the reef surrounded by seaweed and rock."
WEB360_100375.mp4,"an underwater view of the ocean, featuring a shipwreck on the seabed with algae and rocks, a large turtle swimming, and a coral reef."
WEB360_100376.mp4,"an underwater view of a person swimming with a camera in the ocean over a coral reef with seaweed growing on it, a turtle swimming, and a diver in the background."
WEB360_100377.mp4,a large group of fish swimming over a coral reef with a man scuba diving in the ocean
WEB360_100378.mp4,"an underwater view of a man and a turtle swimming in the blue water, with a boat in the water and a pool with a logo on it."
WEB360_100379.mp4,"a large group of fish and a man swimming in the ocean, the ocean with an airpano logo and blue water."
WEB360_100380.mp4,"an underwater view of a man scuba diving over a coral and rocky reef in the ocean, the reef has a cloud-shaped object, the word 'pano' and a name written on it"
WEB360_100381.mp4,"a picture of a desert with a group of people riding camels, cars parked in front of a pyramid, animals walking across a sandy field, and a horse with a carriage."
WEB360_100382.mp4,a blurry photo of a very large pyramid in the middle of a desert landscape
WEB360_100383.mp4,a view of a man and a group of people riding camels and horses in the desert in front of a pyramid.
WEB360_100384.mp4,a picture of a man and a group of people riding camels in a desert with a pyramid and a dirt road in the background
WEB360_100385.mp4,"an aerial view of the desert with a blue sky, featuring three large pyramids, one of which is depicted in a 3D image."
WEB360_100386.mp4,"a man riding a horse drawn carriage and a camel in front of a pyramid, with a group of people riding on the backs of camels and cars parked on a sandy beach."
WEB360_100387.mp4,"a man riding a white horse in a blurry image of the desert, with a camel in front of the Pyramids of Giza and a dirt road in the background."
WEB360_100388.mp4,"a person riding a horse in a desert with three pyramids in the background, and a truck in the foreground."
WEB360_100389.mp4,"a panoramic and aerial 3D view of the three pyramids of Giza in the desert, the desert including rocks and sand."
WEB360_100390.mp4,"an aerial view of a desert scene, with a group of people riding camels, some camels laying down in the dirt, a camel walking across the desert, and a sign in the foreground."
WEB360_100391.mp4,"a picture of a man riding a brown horse across a sandy field in the desert, with a very tall pyramid and a large rock sitting on top of a sandy beach."
WEB360_100392.mp4,"a view from a boat on a large body of water, featuring an airplane and a blue and orange helicopter flying through the sky, and a blurry photo of another boat."
WEB360_100393.mp4,a blurry photo of a blue and orange helicopter and a plane flying over the ocean and a beach in the sky.
WEB360_100394.mp4,"a blurry photo of an orange and blue helicopter flying over the ocean, with a boat in the water and a red and black object in the sky."
WEB360_100395.mp4,"a computer generated image of a mountain with a plume of smoke, a red and blue helicopter, a red helicopter and a plane flying over a snow covered ground and a large body of water."
WEB360_100396.mp4,"a large plume of smoke coming out of a volcano with a helicopter and a plane flying over it, the scene includes a mountain at sunset, a large body of water and the ocean."
WEB360_100397.mp4,"a blurry photo of a red and blue helicopter and a plane flying over a mountain with a sky background, the scene includes a desert and the ocean."
WEB360_100398.mp4,"a computer-generated image of a plane and a red and blue helicopter flying over a desert landscape and a snow-covered mountain, under a cloudy sky."
WEB360_100399.mp4,"a large plume of smoke coming out of the ocean, with a plane and a red and blue helicopter flying over a snow-covered mountain, and a person flying a kite over a snow-covered field."
WEB360_100400.mp4,"a scene featuring a plane and helicopters flying over a large body of water covered with lava and a mountain, the helicopters are red and white, and red and blue."
WEB360_100401.mp4,"a blurry view from the cockpit of a plane, with a man in a leather jacket sitting inside"
WEB360_100402.mp4,"a blurry image of a car driving on a road, a helicopter flying over the ocean and a snow-covered ground, with a beach and a mountain in the background."
WEB360_100403.mp4,"a blurry photo of a plane and a red and blue helicopter flying over a frozen lake at sunset, with a boat in the water and a car in the snow."
WEB360_100404.mp4,"a view of the sky with a red helicopter flying over a snow covered mountain, a blurry plane over a body of water, and a red and blue airplane flying in the sky, all seen from an airplane."
WEB360_100405.mp4,"The output is: a computer generated image of a mountain covered in snow in the middle of the ocean under a cloudy sky, with a red and blue helicopter and a plane flying over."
WEB360_100406.mp4,"an aerial view from an airplane of a snowy mountain at sunset with a red line going up it, including views of the sky and clouds."
WEB360_100407.mp4,"a red airplane flying over a snow-covered mountain with a cloud-filled sky, the view captured from the plane itself."
WEB360_100408.mp4,"a plane, possibly red, flying over a mountain covered in clouds, also over a large body of water, with a sky background."
WEB360_100409.mp4,"an aerial view combining a volcano with smoke coming out, a body of water under clouds, a snow-covered mountain, and a sunset over the ocean."
WEB360_100410.mp4,"a red and blue plane flying over a mountain and a body of water, the view including a helicopter and the ocean as seen from the plane."
WEB360_100411.mp4,"a view from inside a cockpit of a plane with a man writing on a piece of paper, another man sitting and two pilots are also present."
WEB360_100412.mp4,"a panoramic view from a plane, featuring a river, land, a wide open field, a city, and a desert with a sky background."
WEB360_100413.mp4,"a red airplane is flying over a snowy field and a sandy beach, with a person skiing on the snow covered slope."
WEB360_100414.mp4,"a windmill sitting on top of a green field next to a body of water, the field also showing a red roof, with a panoramic view of the adjacent river."
WEB360_100415.mp4,"an aerial view of a windmill sitting on top of a green field next to a large body of water, including a boat dock, a boat, and a windmill in the background."
WEB360_100416.mp4,a panoramic aerial view of a group of windmills next to a lush green field with a river running through it.
WEB360_100417.mp4,"an aerial view of a lush green field with a windmill sitting on top, a winding road also present in the field."
WEB360_100418.mp4,"a view of a windmill sitting on top of a lush green field next to a large body of water, with a river in the distance and a boat in it."
WEB360_100419.mp4,an aerial view of a wide river running through a lush green countryside with a windmill.
WEB360_100420.mp4,"an aerial view of a lush green countryside with a wide river running through it, surrounded by fields, including a windmill."
WEB360_100421.mp4,"a wide shot of the ocean from a plane, the ocean including ice floes, icebergs floating in the background, and a computer generated image of icebergs"
WEB360_100422.mp4,"a panoramic view of a snow covered field with a mountain, a river running through it, and a sky background, also including a snowboarder doing a trick in the air."
WEB360_100423.mp4,"an aerial view of a large iceberg floating on a large body of water, the view including ice floes in the ocean."
WEB360_100424.mp4,"a computer generated image of a plane flying over an icy landscape, the landscape including a snow covered mountain, a large iceberg floating in the ocean."
WEB360_100425.mp4,"a large iceberg and a large wave in the ocean, with a plane and an airplane flying over the body of water."
WEB360_100426.mp4,"an aerial view at sunset featuring a lake surrounded by a forest, all under a blue sky"
WEB360_100427.mp4,"an aerial view of a large lake at sunset, surrounded by a forest with many trees."
WEB360_100428.mp4,"a large body of water next to a lush green field, sitting under a cloudy blue sky, surrounded by a forest, with an aerial view of the forest and the lake."
WEB360_100429.mp4,"a couple of people and a person in a costume riding on a boat, traveling down a river next to tall buildings."
WEB360_100430.mp4,"a helicopter flying over a lush green field with a tree in the middle, a farm in the background, and a wooded area with trees"
WEB360_100431.mp4,"a boat with two people traveling across a large body of water under a cloudy sky, the water is surrounded by mountains."
WEB360_100432.mp4,"a dog is swimming and standing in the water near a beach, with an aerial and fish eye view of the river, trees, and the beach."
WEB360_100433.mp4,"an image of an elephant and a dog near a body of water, specifically a river with trees in the background and a dirt field with trees."
WEB360_100434.mp4,a computer generated 3D image of a wide angle view of a rocky river running through a lush green forest with a mountain in the background.
WEB360_100435.mp4,"a 3D image of a man riding a bike down a dirt road near a cliff, with a bear swimming in a nearby river that has trees in it."
WEB360_100436.mp4,a couple of men riding on the back of a small boat on top of a lake at sunset.
WEB360_100437.mp4,"a blurry image of a house in the middle of a large field with a sign that says pano, the field has a lake in the background."
WEB360_100438.mp4,"The output is: an aerial view of a group of people on a golf course field with tents, a grassy field, a lake in the background, and a boat on a body of water."
WEB360_100439.mp4,"a blurry photo of a plane flying over a green field with a red and white truck, mountains in the background, and a sign in the middle of it"
WEB360_100440.mp4,"a wide shot of a dog walking across a river with rocks and grass in a lush green countryside, with a mountain in the background."
WEB360_100441.mp4,a panoramic view of a lush green countryside with a river running through it
WEB360_100442.mp4,"a brown bear standing on top of a lush green countryside, with a river running through it."
WEB360_100443.mp4,"an aerial view of an airport runway next to a grassy field, the scene includes a body of water, a mountain, a sandy beach next to the ocean, a plane and a white helicopter flying over a road."
WEB360_100444.mp4,"a panoramic aerial view of a large body of water, presumably a lake, surrounded by land and mountains, with a plane and a white helicopter flying over it, and a lush green field nearby."
WEB360_100445.mp4,"an aerial and panoramic view of a large body of water, including a lake and mountains, with a computer-generated airplane and a helicopter flying over it."
WEB360_100446.mp4,"an aerial and panoramic view of a large body of water including a lake and mountains, with an airplane and a white helicopter flying over it."
WEB360_100447.mp4,a large body of water surrounded by ice floes with a helicopter flying over it
WEB360_100448.mp4,"a person riding a motorcycle down a road, with a white helicopter and an airplane taking off from an airport, the helicopter flying low to the ground and also taking off from a runway."
WEB360_100449.mp4,"an aerial view of a large body of water including a beach, a plane and a helicopter flying over, with a snow covered ground nearby."
WEB360_100450.mp4,"a snowboarder doing a trick in the air over a snow covered field, with a white helicopter and a plane flying over the large body of water."
WEB360_100451.mp4,"a view of a body of water at sunset, the water featuring a large iceberg floating in the middle and a hill in the background, a helicopter is flying over the scene."
WEB360_100452.mp4,a large and long bridge spanning over a large body of water next to a pier.
WEB360_100453.mp4,"a panoramic view of a large body of water with the sun shining over a bridge, an aerial view of the same bridge over a river."
WEB360_100454.mp4,"an aerial view of a castle in the middle of a large body of water at sunset, with a boat in it."
WEB360_100455.mp4,"an aerial view of a train crossing a bridge over a highway and a river, the scene includes a train track"
WEB360_100456.mp4,"a panoramic and aerial view of a city with a train on the tracks, seen from a bridge and a bird's eye view, including a view of a bridge over a river."
WEB360_100457.mp4,an aerial view of a monument near a harbor full of boats and a body of water.
WEB360_100458.mp4,"a panoramic view of a city with a bridge over a river and a mountain in the background, the city has buildings on one side of the river and a large body of water on the other side."
WEB360_100459.mp4,"a panoramic and aerial view of a river running through a city, the city including tall buildings, a large white building with a clock tower, and a bridge in the background."
WEB360_100460.mp4,"a panoramic view of a city with tall buildings and mountains in the background, a river running through the city"
WEB360_100461.mp4,"a panoramic and aerial view of a city with mountains in the background and a river running through it, the city seen from a bird's eye view."
WEB360_100462.mp4,a large crowd of people walking and standing in a street next to tall buildings.
WEB360_100463.mp4,a large crowd of people and a group of people riding motorcycles down a street next to tall buildings.
WEB360_100464.mp4,"a crowd of people walking down a street next to tall buildings, holding red flags and walking in front of a red building."
WEB360_100465.mp4,"a large crowd of people walking down a street, standing in front and around a building"
WEB360_100466.mp4,"a snowboarder is doing a trick in the air over a snow-covered mountain, the scene including a plane flying over and a view of the mountain top."
WEB360_100467.mp4,"a view from a hot air balloon of a plane flying over a snow covered mountain range, with a clear sky background."
WEB360_100468.mp4,"a 3d image of a snowy mountain range with a sky background, including views from a ski lift and a plane, and an airplane flying over"
WEB360_100469.mp4,"an aerial view of a snow covered mountain range with a blue sky in the background, as viewed from a plane."
WEB360_100470.mp4,"a 3D image of a snow covered mountain with a sky background, a snowboarder doing a trick in the air, and the word airpano over it."
WEB360_100471.mp4,"a panoramic aerial view of a snow covered mountain range from a plane, with a picture of a mountain having the word airpano over it."
WEB360_100472.mp4,a view from a plane of a snow covered mountain range with a blue sky in the background and the word airpano above it.
WEB360_100473.mp4,"a picture of a large crowd of people around a building, the crowd is walking down a street, standing in front of the building."
WEB360_100474.mp4,a large group of people standing and watching a parade in front of a building
WEB360_100475.mp4,"a large crowd of people standing and walking around a parking lot, a street and in front of a building."
WEB360_100476.mp4,"a large crowd of people walking across a parking lot, down a street and standing in front of a building."
WEB360_100477.mp4,"a large group of people standing in a stadium, on top of a street, in front of a building and around in front of a crowd."
WEB360_100478.mp4,"a panoramic view of a sunny, snow covered mountain under a blue sky, as seen from a plane."
WEB360_100479.mp4,"a view of a snow covered mountain with a bright sun and a blue sky in the background, seen from a plane and an aerial view."
WEB360_100480.mp4,"an aerial view from a plane of a snowy mountain landscape under the bright sun, with a snow covered mountain and a sky background."
WEB360_100481.mp4,"a view of a large waterfall on a mountain with lots of water coming out, the mountain has a river running through it, the river also runs through a lush green valley and a rocky valley."
WEB360_100482.mp4,"a picture of a river running through a lush green valley and hillside, with a field, rocks, flowers, and grass in the mountains in the foreground"
WEB360_100483.mp4,"an aerial and panoramic view of a city at sunset, the city including a large white building, with the word airpano in the foreground"
WEB360_100484.mp4,"an aerial view of a city and a green field at sunset, including a large building in the middle of a park."
WEB360_100485.mp4,"a computer generated image of a green and blue sky over a body of water, featuring a full moon and a mountain."
WEB360_100486.mp4,"a computer generated image of a green and blue aurora bore over a body of water at night, including a mountain lake and a river."
WEB360_100487.mp4,"a view of a green aurora bore over a lake with a red house and a wooden dock next to it, mountains in the background and a red building with a white window and a red roof."
WEB360_100488.mp4,"a view of a lake with rocks and a mountain in the background, a red house sitting on top of a rocky beach, under the bright shine of a full moon."
WEB360_100489.mp4,"a panoramic long exposure photo of a lake at night, the lake surrounded by mountains, a house on the shore, a beach, and the aurora lights shining brightly over the water."
WEB360_100490.mp4,"a blurry photo of a frozen lake with a waterfall and trees in the background, a snow covered road also included in the scene."
WEB360_100491.mp4,"an aerial view of a snow covered mountain with a river running through it, the river is surrounded by snow covered trees."
WEB360_100492.mp4,a snowboarder is going down a snow covered mountain side with a wooden fence and a frozen waterfall in the middle of winter
WEB360_100493.mp4,"a frozen waterfall in the middle of a snow covered forest in winter, the forest including a path, a river, a stream and snow covered trees."
WEB360_100494.mp4,"a snowy landscape with a frozen river flowing through a snow covered forest, featuring a frozen cliff, a waterfall and a body of water in the foreground."
WEB360_100495.mp4,an aerial view of a snow covered forest
WEB360_100496.mp4,"an aerial view of a frozen body of water in the woods, the body of water including a lake, a waterfall, and a river, surrounded by snow covered trees."
WEB360_100497.mp4,"an aerial view of a snow-covered landscape, featuring a frozen waterfall in the middle of a forest, a river, and a mountain."
WEB360_100498.mp4,"a snowy landscape with a couple of people walking up a hill, a person riding skis down a slope, and features like trees, bushes, and a body of water, all covered in snow."
WEB360_100499.mp4,"The output is: a frozen waterfall in the middle of a snow covered forest in winter, with trees, rocks, a road nearby, and a person walking down a snow covered path."
WEB360_100500.mp4,"a snowy landscape featuring a frozen waterfall in the middle of a forest, accompanied by a river and trees."
WEB360_100501.mp4,"a river running through a snow covered forest, surrounded by trees, with two people walking along a snowy path next to the body of water."
WEB360_100502.mp4,"an aerial view of a winter scene featuring a frozen waterfall in a snow-covered forest, with a river flowing through it."
WEB360_100503.mp4,"a frozen waterfall in the middle of winter with a group of people standing on top of a snow covered mountain, the scene includes a mountain side with a sky background."
WEB360_100504.mp4,"a blurry photo of a snowy landscape, featuring trees, a forest and a boat in the water."
WEB360_100505.mp4,"a green and blue aurora bore over the ocean with a lighthouse, along with a blurry view of a city at night"
WEB360_100506.mp4,"a view of a green and blue aurora bore and a red lighthouse over the ocean at night, with a person sitting on a bench in front of the ocean"
WEB360_100507.mp4,a panoramic aerial view of a city with a bridge over a river running through it
WEB360_100508.mp4,"a panoramic view of a city from a rooftop, the city is next to a body of water, with a bridge over a river and a large boat floating on it."
WEB360_100509.mp4,"a panoramic and aerial view of a city with a red roof, including a bridge over a river running through the city."
WEB360_100510.mp4,a panoramic and aerial view of a city with a bridge over a river running through it
WEB360_100511.mp4,"a panoramic view of a city on the water with a bridge in the background, including a blurry photo of a boat docked in a harbor, and an aerial view of boats on a river."
WEB360_100512.mp4,"a panoramic aerial view of a city with a river running through it, a harbor, a hill in the background, and the ocean."
WEB360_100513.mp4,a panoramic and bird's eye view of a city at sunset with a large body of water and a river running through it.
WEB360_100514.mp4,"a panoramic and aerial view of a lake, a beach, a mountain and a dirt road in the mountains, with the sun shining over the water and clouds."
WEB360_100515.mp4,"a large body of water, possibly a lake, surrounded by a forest with people riding in a boat and a man on a jet ski."
WEB360_100516.mp4,"a blurry photo of a body of water, possibly a lake, with mountains in the background, boats in the water, and a boat sitting on top of a rocky beach."
WEB360_100517.mp4,"an aerial view of a field with a dirt road and a river running through it, a forest with a mountain in the background, and a river running through the forest."
WEB360_100518.mp4,a blurry panoramic view of a river running through a forest with a rocky outcropping and trees in the background.
WEB360_100519.mp4,"an aerial view of a river running through a forest, the scene includes a field and a mountain."
WEB360_100520.mp4,"a blurry photo of a waterfall view from a boat on a river, including a body of water and a cliff in the background."
WEB360_100521.mp4,a panoramic view of a desert landscape with an orange helicopter and a plane flying in the sky.
WEB360_100522.mp4,"a blurry photo of a large body of water with a boat traveling on it, surrounded by mountains in the background."
WEB360_100523.mp4,a view of a group of people riding on the back of a boat in a body of water with mountains in the background.
WEB360_100524.mp4,"a 3D image of a beach under a cloudy sky, the beach including a river, rocks in the foreground, a body of water, and a mountain in the background."
WEB360_100525.mp4,"a boat traveling on a large body of water, possibly a lake or river, with mountains and a forest in the background, and a group of people standing on top of the boat."
WEB360_100526.mp4,"a computer generated image of a large body of water under a cloudy sky, the view includes a forest, a lake with a mountain in the background, captured from both bird's eye and aerial perspectives."
WEB360_100527.mp4,"a view of a river with rapids running through a canyon, with mountains and a waterfall in the background, a man standing on top of the river, and a mountain side with a sign that says airpano"
WEB360_100528.mp4,"a view from a boat of a man riding a kayak on a river, the river runs through a rocky area with a mountain side that has a sign reading 4upanoo."
WEB360_100529.mp4,"a view of a man and a group of people riding down a river on a yellow raft and a surfboard, as seen from a boat in the water."
WEB360_100530.mp4,"a view of a river from a moving yellow boat, the river with a sign in the middle of it and a mountain in the background."
WEB360_100531.mp4,"a view of a river running through a canyon in the mountains, including a man kayaking, rocks, water, and a sign that reads 'airpano'."
WEB360_100532.mp4,"a red raft is going down a rocky river with trees and a mountain in the background, the river is running through a canyon."
WEB360_100533.mp4,"an aerial view of a large body of clear blue water surrounded by mountains, including a tropical island and a beach with a boat in the water."
WEB360_100534.mp4,an aerial view of a small island in the middle of the ocean
WEB360_100535.mp4,"a bird's eye view of a tropical island in the middle of the ocean, the island surrounded by a large body of water and mountains."
WEB360_100536.mp4,"an aerial view of a boat traveling down a river next to a lush green hillside, surrounded by trees, an island in the middle of a large body of water, leading to a tropical island in the ocean."
WEB360_100537.mp4,"an aerial view of a large body of water surrounded by mountains, with a boat traveling through it."
WEB360_100538.mp4,"a boat traveling down a river next to a lush green forest and hillside, with a group of people riding on the back of the boat, the river is a body of water with trees in the background."
WEB360_100539.mp4,"a computer generated 3D image of a tropical island in the middle of a large body of water, the island is surrounded by trees and land."
WEB360_100540.mp4,"a bird's eye view of a large body of water, possibly a lake, surrounded by mountains and trees."
WEB360_100541.mp4,"an aerial view of a lake surrounded by trees, with a boat in the middle and mountains in the background."
WEB360_100542.mp4,"a group of people, including a man and a woman, riding on a boat in the ocean, with the sun shining over the water and a small island in the middle of the body of water"
WEB360_100543.mp4,"a view of a large body of water with a small island, trees in the background, and an aerial perspective."
WEB360_100544.mp4,"a large body of water under a blue sky with a small island in the distance, including a beach with trees."
WEB360_100545.mp4,"a long exposure photo of a city at night, the city including a river, a large body of water, a large building with cars parked in front of it."
WEB360_100546.mp4,an aerial view of a city at night.
WEB360_100547.mp4,a night view of a large building and a bridge next to a large body of water with boats floating on it.
WEB360_100548.mp4,"a night view of a large city with a building, a street, and a large body of water, the city including boats floating on the water."
WEB360_100549.mp4,"a panoramic view of a beach with a large body of water and a church in the background, under a sky"
WEB360_100550.mp4,"The output would be: a bird's eye view of a city next to a beach, the city has tall buildings, the beach is alongside a body of water with people walking on it."
WEB360_100551.mp4,"an aerial view of a small town with a church, a large body of water, and a beach, also featuring a cityscape in the background."
WEB360_100552.mp4,"a bird's eye view of a city with a large building and a lake in the background, surrounded by a large body of water."
WEB360_100553.mp4,a panoramic view from a helicopter of a city and a large body of water
WEB360_100554.mp4,"a panoramic view of a large group of people walking down a street, some standing on top of a mountain, others riding bikes down a road next to the ocean, with a boat in the distance."
WEB360_100555.mp4,"a panoramic and aerial view of a large body of water and a hill, with groups of people standing next to each other."
WEB360_100556.mp4,"a view of a sunset over the ocean at night, including a body of water, a group of people standing on a lush green hillside and around a pole."
WEB360_100557.mp4,"a fish eye view of a group of people standing on a lush green hillside, some of them riding on the back of a truck and others standing around each other, with a boat in the ocean in the scene."
WEB360_100558.mp4,"a view from a high rise building of a panoramic city with a very tall building next to a river running through it, including boats in the water."
WEB360_100559.mp4,"a panoramic aerial view of a city with a river and tall buildings, and boats in the water."
WEB360_100560.mp4,"a picture of a large body of water surrounded by a city with tall buildings, including boats in the water."
WEB360_100561.mp4,"a panoramic aerial view of a city with skyscrapers and tall buildings, the city is near a body of water."
WEB360_100562.mp4,"a view of a beach during sunset with a building and a boat in the background, the beach bordering a body of water and the ocean."
WEB360_100563.mp4,"an aerial view of a city with a large building near a beach, the beach and the city are surrounded by a large body of water with boats in it."
WEB360_100564.mp4,"a panoramic aerial view of a city from a plane, the city including a lot of buildings, a hotel near the ocean, under a blue sky."
WEB360_100565.mp4,"a panoramic aerial view of a city with tall buildings, a river running through it and boats in the water."
WEB360_100566.mp4,a blurry photo of a desert landscape with sand dunes under a blue sky and clouds.
WEB360_100567.mp4,"a panoramic view of a city with a harbor and a marina, both with boats in them, a large building on a highway, and a large body of water."
WEB360_100568.mp4,"a panoramic and aerial view of a city and a beach, the city with tall buildings and a large body of water, and the beach adjacent to the ocean."
WEB360_100569.mp4,"an aerial view of a lush green field with trees, the field hosting a bunch of hot air balloons, a red airplane flying over and a bunch of kites."
WEB360_100570.mp4,a group of hot air balloons flying over a lush green field
WEB360_100571.mp4,"a panoramic view of hot air balloons flying over a forest with a lake and a lush green field, also a body of water is seen in the background."
WEB360_100572.mp4,"a group of hot air balloons flying over a lake and a lush green field, the lake is surrounded by trees and a lush green forest."
WEB360_100573.mp4,an aerial view of two hot air balloons flying over a large body of water and a lush green field.
WEB360_100574.mp4,a panoramic and aerial view of a city with tall buildings at sunset.
WEB360_100575.mp4,"a busy city street filled with lots of people and tall buildings, with a tv screen displaying a lot of advertisements"
WEB360_100576.mp4,"The output would be: a view of a city at night from the top of a skyscraper, with an airplane flying over, as seen from a helicopter."
WEB360_100577.mp4,a blurry picture of a busy city street at night with a crowd of people walking around.
WEB360_100578.mp4,a panoramic aerial view of a geyser spewing water in a wide open field with a river running through it
WEB360_100579.mp4,"a panoramic and aerial view of a landscape, including mountains in the background, a hot spring, a wide open field, and a river in the middle of the field."
WEB360_100580.mp4,"a panoramic view of a desert landscape with a hot spring, steam coming out of the ground, a large body of water, and a river running through it."
WEB360_100581.mp4,"a panoramic view of a desert featuring a hot spring, a dirt road in the middle of nowhere, a river running through a field, and a geyser spewing water."
WEB360_100582.mp4,"a blurry panoramic photo of a lake with mountains in the background, the lake being a large body of water."
WEB360_100583.mp4,"a panoramic view of a desert landscape, featuring a hot spring, a bridge, and a body of water"
WEB360_100584.mp4,"a panoramic view of a river with steam coming out, running through a scenic forest landscape"
WEB360_100585.mp4,"a 3D image of a large mountain with a very tall cliff, a river running through a canyon, a large body of water surrounded by a rocky cliff, and an aerial view of a waterfall in a rocky area."
WEB360_100586.mp4,"a 3d image of a river running through a canyon, the canyon including a mountain in the background, a pool of water with a fish swimming."
WEB360_100587.mp4,"an aerial view of a large body of water, possibly a river, running through a field and surrounded by trees, land, with areas of rapids."
WEB360_100588.mp4,"a picture in the middle of the day of a waterfall, a river in the middle of a field, a body of water, and a cliff, all captured in an aerial view."
WEB360_100589.mp4,"an aerial view of a landscape that includes a waterfall in the middle of a field, surrounded by a body of water and a river."
WEB360_100590.mp4,"a panoramic view of a city at dusk, the city including a very tall tower sitting on top of a snow covered ground, a view from the top of a building, and a city street."
WEB360_100591.mp4,an aerial and panoramic view of a city at night
WEB360_100592.mp4,a panoramic aerial view of a city at night
WEB360_100593.mp4,an aerial and panoramic view of a city at night
WEB360_100594.mp4,a panoramic and aerial view of a city at night.
WEB360_100595.mp4,an aerial and panoramic view of a city at night.
WEB360_100596.mp4,"an aerial view of a city at sunset, the city includes a bridge over a river, a parking lot, and a highway with a bridge in the background."
WEB360_100597.mp4,"an aerial view of a city with a bridge over a body of water, power lines in the foreground, and a highway with cars driving on it"
WEB360_100598.mp4,"an aerial and panoramic view of a city near a highway and a body of water, including a river at sunset, with a cloudy sky and a bridge over the river."
WEB360_100599.mp4,a blurry photo of people and a woman walking down a street around a building with a clock.
WEB360_100600.mp4,"a group of people walking around a city square, the city square including a street with a sign, a red building, and tall buildings."
WEB360_100601.mp4,"a blurry digital image of a crowd of people walking down a street with tall buildings, a woman in a red coat standing in front of a building, and a clock tower in the background."
WEB360_100602.mp4,"a blurry photo of a carnival at night, featuring a carousel, a merry go round with people walking around, a group of people standing around a Christmas tree, and a large group of people walking down a street."
WEB360_100603.mp4,"a group of people standing in front of a large screen in a city at night, the city includes a large building with lots of lights on it and a street with people walking around, and some people are also standing outside of a building."
WEB360_100604.mp4,"a blurry photo of a street with a carnival in the background, a crowd of people walking around a market, a large building with a lot of lights on it, and people walking around an outdoor market."
WEB360_100605.mp4,"a blurry image of a city street at night, with people walking down the street, around a market, and a woman in a red coat standing outside."
WEB360_100606.mp4,"a couple of people walking down a snow-covered city street under a tunnel at night, with a street light and a building in the background."
WEB360_100607.mp4,"a picture of a tunnel covered in Christmas lights with people walking through it, the tunnel is also a lit walkway with a person walking down."
WEB360_100608.mp4,"a large Christmas tree sitting in the middle of a walkway, with a group of people standing on a sidewalk and walking down a street next to the tree, in front of a building."
WEB360_100609.mp4,"a city at night with a merry go round, a group of people standing around a small Christmas tree in front of the carousel, and an airpano advertisement on the side of a building."
WEB360_100610.mp4,a blurry photo of a Christmas tree in the middle of a city street at Christmas time with a shopping mall nearby and a group of people walking down the street.
WEB360_100611.mp4,"a blurry photo of a person riding a bike down a city street at night, the street is decorated with Christmas trees and lights, and a woman is standing in front of a Christmas tree."
WEB360_100612.mp4,"a red and white building with a clock, a fire hydrant on its side, and a man in a red jacket standing next to a red bench on a street covered in Christmas lights where people are walking."
WEB360_100613.mp4,"a group of people walking around a city at night, the city including a plaza and a fountain."
WEB360_100614.mp4,"a merry go round ride at a carnival with lights and people on it, and a group of people walking down a street next to Christmas trees and lights."
WEB360_100615.mp4,"a street view with a merry go round and people walking around it, a display case in a nearby store filled with Christmas decorations, a man walking down the street next to Christmas trees, and a group of people walking down a street covered in Christmas lights."
WEB360_100616.mp4,"a snow covered mountain with a sky background, including rocks, ice and a sun in the background."
WEB360_100617.mp4,"a panoramic view of a wide open field, a lake in the middle of nowhere, land and a mountain"
WEB360_100618.mp4,"a panoramic view of a landscape with a body of water, including mountains in the background, and a lake."
WEB360_100619.mp4,"an aerial view of a city at night, the view including the sky from a plane, the city appearing blurry, with an area marked with the words 'airpano'."
WEB360_100620.mp4,"a panoramic and aerial view of a river running through a valley and mountains, including a forest."
WEB360_100621.mp4,"an aerial 3D view of a canyon with a waterfall, a mountain with a sky background, a rocky mountain side, and a blurry photo of a group of people standing on a hill."
WEB360_100622.mp4,"a panoramic aerial view of a river running through a valley and a canyon, including a mountain and a dirt road."
WEB360_100623.mp4,"an aerial view of a canyon with a mountain range, including a blurry image of a lighthouse on a hill and a valley with a river running through it"
WEB360_100624.mp4,"a 3D image of a snowy mountain range with a sky background, including the panorama of the range and the words airpano on it"
WEB360_100625.mp4,"an aerial view of a desert with a dry grass covered field, a herd of horses running across the field, and a dirt road, all under a blue sky."
WEB360_100626.mp4,"an aerial view of a landscape including a field under a cloudy sky, a desert with a mountain in the background"
WEB360_100627.mp4,"a panoramic, computer-generated view of a desert landscape with a bright sun."
WEB360_100628.mp4,"a group of people walking through a desert-like area and a canyon, standing on top of a sandy beach."
WEB360_100629.mp4,"a picture of a desert scene, including a building in the middle, a dirt road, and mountains in the background, captured from an aerial view."
WEB360_100630.mp4,"a panoramic view of a desert landscape with a sky background, the landscape including a dirt field with mountains in the background, as depicted in a computer generated image."
WEB360_100631.mp4,"a panoramic aerial view of a desert area with rocks, cliffs and a mountain in the background, including people walking around and standing on top of a cliff"
WEB360_100632.mp4,"a panoramic 3D view of a desert landscape with a person standing on a cliff, the landscape is rocky with the word airpano over it."
WEB360_100633.mp4,"a view of a mountain with a building in the middle of a cliff, a group of people standing in a canyon, a person walking on a sidewalk, with the words 'airpano' over it."
WEB360_100634.mp4,"a 3D image of a high point view of a canyon with a cliff and a mountain in the background, under a sky."
WEB360_100635.mp4,a group of people walking and standing through a narrow canyon
WEB360_100636.mp4,"a group of people riding on the backs of camels and horses, while others are standing on top of a dirt field and a sandy beach."
WEB360_100637.mp4,"a panoramic and aerial view of a desert with a building in the foreground, people walking around, a very large mountain with a tall rock, and rocks and dirt."
WEB360_100638.mp4,"a panoramic and aerial view of a desert area with a building, a hut, and mountains in the background."
WEB360_100639.mp4,"a blurry photo of a group of people walking across a desert landscape featuring rocks and buildings made of stone, including a building in the desert and a sandy beach."
WEB360_100640.mp4,"a room with a large group of people sitting around a fire pit, the room has many lit candles on the ground in the middle of it."
WEB360_100641.mp4,"a blurry photo of a woman standing on a balcony next to a bird, with a couple of trash cans on a wooden deck, a dog on a boat, and a white toilet in a pool."
WEB360_100642.mp4,"a group of people, including two men, walking through a forest with a rocky area, the forest including dirt and rocks on the ground."
WEB360_100643.mp4,"a bird flying over a body of water surrounded by rocks and grass, with a group of trees sitting on a hill and a cactus in the middle of a dirt field."
WEB360_100644.mp4,"a view of a large white boat traveling across the ocean, including a small island in the middle of the water."
WEB360_100645.mp4,"a panoramic view of a large lizard sitting on top of rocks next to the ocean, with a red and white lighthouse on a rocky beach."
WEB360_100646.mp4,"an animation of a bird flying over a desert where a man and a group of people are seen standing and sitting on top of large rocks, respectively."
WEB360_100647.mp4,"a picture of a couple of people standing in the woods with a tall tree, a stone wall with plants growing out of it, and a building with vines growing on it."
WEB360_100648.mp4,"an image of a rocky beach under a blue sky, the beach including a group of animals, a field with grass and rocks"
WEB360_100649.mp4,an aerial view of a rocky beach covered in lots of rocks and grass under a cloudy sky.
WEB360_100650.mp4,"a fish eye view of a lizard standing on rocks near the ocean, with a large red and white water tower next to a lush green field and trees on a beach."
WEB360_100651.mp4,"a man standing on a rocky beach, the beach including black rocks, water, and a pile of black lizards on the sand."
WEB360_100652.mp4,"a panoramic view of a man standing on a rocky beach next to the ocean, the beach including rocks, bushes, a sign in the distance, and a red and white lighthouse sitting on top of a rock."
WEB360_100653.mp4,"a view of the ocean from a plane, including a group of people standing on the deck of a ship, an ice floe in the middle of the ocean, and a large boat floating on the water."
WEB360_100654.mp4,"an aerial view from a plane of the ocean, ice floes and water, with a panoramic view of ice and a large boat floating on top of ice-covered water."
WEB360_100655.mp4,"a panoramic, wide-angle view of a snow-covered beach that extends to a field, with a nearby body of water and a mountain under the sky."
WEB360_100656.mp4,"a panoramic view of a snow covered mountain next to a body of water, including a beach, icebergs in the distance, and an ocean."
WEB360_100657.mp4,"a panoramic view of a snow covered mountain and a snowy beach, with a body of water in the foreground and icebergs in the distance, and an aerial view of the ocean with snow on the ground"
WEB360_100658.mp4,"an aerial 3D view of a body of water surrounded by snow, with multiple icebergs floating on top."
WEB360_100659.mp4,a group of penguins standing on top of a sandy beach
WEB360_100660.mp4,"a view of a vast expanse of ice at sunset, including ice floes in the ocean, a mountain in the background, and a large ship floating on the ice-covered water."
WEB360_100661.mp4,"an aerial view of the sun setting over the ocean with ice floes and icebergs, and a group of people riding on the back of a large ship."
WEB360_100662.mp4,"a picture of a sunny day at a body of water with ice, featuring a small and a large boat traveling across, and a group of people standing on top of a boat."
WEB360_100663.mp4,"an image taken from a plane of a polar landscape with a polar bear walking across the ice, a boat traveling and another large boat floating on a body of water."
WEB360_100664.mp4,"a view of the ocean from a plane, with a large black boat floating on the water."
WEB360_100665.mp4,a panoramic view of a snow covered beach landscape with ice on the water under a cloudy blue sky.
WEB360_100666.mp4,"an image of a large amount of ice and a group of icebergs floating on top of a body of water, with a mountain covered in snow next to it."
WEB360_100667.mp4,"a large amount of ice floating on top of a body of water, with a mountain covered in snow next to it."
WEB360_100668.mp4,"a wide shot of icebergs and a snow-covered mountain, floating in the ocean viewed from a boat."
WEB360_100669.mp4,"a wide shot of an iceberg and a mountain, both with ice, floating and standing respectively in a body of water."
WEB360_100670.mp4,"a panoramic view of a beach and mountain covered in ice and snow under a cloudy blue sky, with some ice on the water."
WEB360_100671.mp4,"a panoramic view of a snow covered landscape, with a mountain, a lake, a beach, and a table in the middle of a field"
WEB360_100672.mp4,"a panoramic view of a large group of penguins and birds standing on top of a sandy beach and a snow-covered slope, with a man walking across a snow-covered field nearby, and a snow-covered mountain in the distance."
WEB360_100673.mp4,"a computer generated image of a large boat in the middle of a frozen lake at sunset, the scene including ice floes, mountains, and an ice floet with a sky background."
WEB360_100674.mp4,"a view of the sun setting over a large expanse of ice floes and ocean, with a mountain in the background and a large ship in the middle of the ocean."
WEB360_100675.mp4,a pair of pigs and a herd of sheep standing and grazing on a lush green field.
WEB360_100676.mp4,a herd of cattle and a group of cows grazing and standing on a lush green field.
WEB360_100677.mp4,a field full of red flowers under a blue sky
WEB360_100678.mp4,"a blurry image of a body of water surrounded by lush green trees and grass, a dirt road and wooded area with the words 'airpano'."
WEB360_100679.mp4,an aerial view of a mountain and a valley with a sky background
WEB360_100680.mp4,"an aerial and panoramic view of a train traveling through lush green hillsides and mountains, with a clear blue sky."
WEB360_100681.mp4,"an aerial view of a large body of water with an island in the middle, extending to a rural area."
WEB360_100682.mp4,an aerial view of a green field with a river running through it and mountains in the background.
WEB360_100683.mp4,"a panoramic view of a lush green landscape, including a valley, a field with mountains in the background."
WEB360_100684.mp4,"an aerial view of a mountain landscape, the scene includes a mountain with a river running through it, a cliff with a waterfall, a dirt road and a canyon."
WEB360_100685.mp4,"a panoramic view of a beach with a large body of water, mountains, an ocean with a small island in the middle."
WEB360_100686.mp4,"a panoramic and aerial view of a beach with boats in the water, mountains, a small island in the middle of the ocean and a large body of water surrounded by mountains."
WEB360_100687.mp4,"a panoramic and aerial view of a beach and ocean, including a resort and a view from a boat."
WEB360_100688.mp4,"a panoramic and aerial view of a beach with a parking lot, ocean and a body of water, including a mountain in the background."
WEB360_100689.mp4,"a large body of water with a small town, buildings and an island in the background, and a boat in the water, as the sun is setting over the ocean."
WEB360_100690.mp4,"a panoramic bird's eye view of a city next to a beach and a large body of water, with a boat traveling across the water."
WEB360_100691.mp4,"an aerial view of a small island in the ocean with a beach, a boat in the water, and a city with mountains in the background."
WEB360_100692.mp4,"a panoramic aerial view of a small island with a beach in the middle of the ocean, the view includes a body of water with a boat and mountains."
WEB360_100693.mp4,"a panoramic view from a boat, featuring the ocean, a lake, a house, a beach, and a bay."
WEB360_100694.mp4,"a panoramic and aerial view of a city next to the beach and a large body of water, also referred to as the ocean."
WEB360_100695.mp4,"a panoramic and aerial view of a beach with a city, buildings in the background, and a view of the ocean from a boat."
WEB360_100696.mp4,"a bird's eye view of a city, beach and ocean with a boat in the water"
WEB360_100697.mp4,"a group of people on a sandy beach, where some are standing, walking along next to the ocean, and sitting."
WEB360_100698.mp4,a panoramic view of a beach with buildings in the background and a view of the ocean from a boat
WEB360_100699.mp4,"a panoramic view of a city with mountains and a body of water in the background, the city including a beach."
WEB360_100700.mp4,"an aerial view of a city with mountains in the background, a beach, the ocean, as viewed from a plane."
WEB360_100701.mp4,"a blurry photo of a beach transitioning from sunset to night, extending to a city at night."
WEB360_100702.mp4,"a panoramic and aerial view of a desert with a canyon and a mountain range, including a desert landscape and a mountain in the background."
WEB360_100703.mp4,a panoramic view of a canyon in the desert landscape
WEB360_100704.mp4,"a panoramic view of a rocky mountain range, with a group of people standing on top, and a surrounding desert landscape"
WEB360_100705.mp4,"a panoramic view of a desert landscape, the landscape including a mountain range."
WEB360_100706.mp4,"a 3D and computer generated panoramic image of a desert landscape including a cliff, a canyon, and a dirt road."
WEB360_100707.mp4,"an aerial view of a city on the ocean with a large body of water and a bright sun in the background, the ocean having blue water as seen from a plane."
WEB360_100708.mp4,a panoramic and aerial view of a beach and ocean with a building in the foreground.
WEB360_100709.mp4,"a panoramic view of a beach, ocean, and a city, with a view from a boat and an aerial view of hotels."
WEB360_100710.mp4,"a blurry photo of a beach scene with a man standing on the sand next to the ocean, people in the water, and hotels in the background."
WEB360_100711.mp4,"a panoramic view of a beach and ocean, with views from a boat, and hotels in the background."
WEB360_100712.mp4,"an aerial view of a beach resort on the ocean, including a large body of water with a sky background"
WEB360_100713.mp4,an aerial and panoramic view of a beach resort with the sun shining over the ocean water.
WEB360_100714.mp4,"an aerial view of a city with mountains and a beach in the background, the city is in the clouds, with a blurry photo of the sky and clouds"
WEB360_100715.mp4,"a panoramic and aerial view of a city with mountains and a body of water in the background, as seen from a plane, with the sky and clouds above."
WEB360_100716.mp4,"a panoramic aerial view of a city from a plane, the city including tall buildings, with mountains in the background"
WEB360_100717.mp4,"a 3D image of a city square with a statue, a person riding a skateboard, and streets with palm trees, buildings, and a bench in the background."
WEB360_100718.mp4,"a group of people and a car driving down a street with tall buildings, a man on a balcony, and cars parked on the side of the street."
WEB360_100719.mp4,"a view of a city with a park, a fountain in the middle, palm trees, a body of water, and a street with a building in the background"
WEB360_100720.mp4,"an aerial view of a city with a body of water, the city and water are under the blurry sky and clouds."
WEB360_100721.mp4,"an aerial and panoramic view of a city by the ocean with mountains in the background, including a body of water and a blurry view of the ocean and sky."
WEB360_100722.mp4,"a blurry photo of a street with cars parked on the side of the road, including a white car parked next to a tree and two cars parked in front of a colorful building."
WEB360_100723.mp4,"a white car driving down a street next to a red building with red doors, a blue and pink house sitting on top of a hill, and a car parked on the side of the road"
WEB360_100724.mp4,"an aerial and panoramic view of a city with mountains in the background, the ocean, and a body of water, as viewed from a plane."
WEB360_100725.mp4,"an aerial view from a plane of a city by the beach with mountains, including a blurry photo of a boat in the ocean."
WEB360_100726.mp4,"a panoramic view of a beach at sunset, the scene includes a dog running, a group of people walking next to the ocean, and a man standing on the sandy beach."
WEB360_100727.mp4,"a view from the top of a hill of a sandy beach where a group of people are walking and standing, and a bunch of birds are present."
WEB360_100728.mp4,"a blurry 3d image of a group of penguins standing on a sandy beach with rocks, trees, water, and a cat walking on a dirt road."
WEB360_100729.mp4,a panoramic aerial view of a city from a plane with mountains in the background
WEB360_100730.mp4,"a group of people sitting on a cannon and walking down a sidewalk next to a tree, with a person riding a skateboard down the street and birds sitting on the sidewalk."
WEB360_100731.mp4,"a blurry image of a person riding a skateboard down a street next to a tree, people walking, with trees, bushes and plants on both sides, leading to a park."
WEB360_100732.mp4,an aerial panoramic view of a city with tall buildings and mountains in the background.
WEB360_100733.mp4,a panoramic and aerial view of a city with tall buildings and mountains in the background.
WEB360_100734.mp4,"a view of a man walking down a street next to a tree, near a body of water where a group of boats are sitting, a bench is also present on the street, with the sun shining over the scene."
WEB360_100735.mp4,"a view of a man riding a bike down a street next to a large building, a group of people walking on a sidewalk, a boat near a dock, all by a body of water under the shining sun."
WEB360_100736.mp4,"a blurry photo of a group of people standing on a beach with a mountain in the background, a sun setting over the ocean, and a person walking near the ocean."
WEB360_100737.mp4,"a catamaran and a boat sailing on the clear blue open ocean, the photo is partly blurry."
WEB360_100738.mp4,"a panoramic view of a tropical beach with clear blue water, palm trees, boats in the water and a bunch of sand on it."
WEB360_100739.mp4,"a panoramic and aerial view of a tropical beach with palm trees, clear blue water, boats in the water, and the ocean"
WEB360_100740.mp4,a blurry panoramic photo of a sandy beach with trees and boats in the water
WEB360_100741.mp4,"a blurry photo of a sandy beach with clear blue water, trees, and boats in the water, captured from an aerial view."
WEB360_100742.mp4,"a panoramic view of a beach with clear blue water, people in the water, palm trees, and a white boat sitting on top of the sandy beach."
WEB360_100743.mp4,"a panoramic view of a beach with clear blue water, people in the water, palm trees, and a white boat sitting on the sandy beach."
WEB360_100744.mp4,"an aerial view of a tropical island in the middle of the blue ocean, the island with a white sand beach and a group of boats including a white boat floating on top."
WEB360_100745.mp4,"a panoramic and aerial view of a city with tall buildings, a beach, an island in the middle of the ocean, and the ocean itself."
WEB360_100746.mp4,"an aerial and panoramic view of a desert landscape, predominantly featuring a dirt road."
WEB360_100747.mp4,a panoramic view of a barren desert landscape including a mountain range.
WEB360_100748.mp4,"an aerial view of a city at different times including night and sunset, the city is next to a large body of water or the ocean and includes a tall building."
WEB360_100749.mp4,"a digital panorama of a desert landscape, including a 3D image of a mountain with a sky background, all computer generated"
WEB360_100750.mp4,"a panoramic and aerial view of a desert area with a rocky landscape, including a dirt road going through it under a bright sun."
WEB360_100751.mp4,"a panoramic aerial view of a desert landscape, including a mountain with a blue sky in the background and a road."
WEB360_100752.mp4,a panoramic view of a desert landscape
WEB360_100753.mp4,"an aerial and panoramic view of a tropical island, which includes a lush green mountain, a large body of water, a lush green forest, and the ocean."
WEB360_100754.mp4,"a panoramic view of a crowd of people walking and standing on a lush green hill next to a statue, with a large body of water nearby, some people are also sitting on the hillside."
WEB360_100755.mp4,"a large crowd of people walking up a hill towards a tall building and the statue of liberty, with an aerial view of a city and a body of water in the background."
WEB360_100756.mp4,"an aerial view from a plane of a city and a mountain, the scene including a body of water, a pool in the foreground, and a lake."
WEB360_100757.mp4,"a bird's eye view of a person standing on top of a mountain, surrounded by a lush green hillside, a city and a body of water, and a lush green forest."
WEB360_100758.mp4,"an underwater scene in the ocean, including a coral reef, a fish, a large ship, a boat and a man swimming with an airpano logo above him."
WEB360_100759.mp4,"an underwater scene in the ocean, featuring a coral reef with a scuba diver, a large group of fish swimming over it, and a view of a river and a cliff."
WEB360_100760.mp4,"an underwater view of a large group of fish swimming over a coral reef in the ocean, including a person in a scuba suit."
WEB360_100761.mp4,"an underwater view of a large group of fish swimming over a coral reef with a sun in the background, and a man swimming in the ocean with a scuba suit on."
WEB360_100762.mp4,"an underwater view of a man in a wet suit diving near a colorful coral reef in the ocean, with a person swimming nearby."
WEB360_100763.mp4,"an underwater view of a large group of fish swimming over a coral reef, with a person and a man in wet suits diving and swimming in the ocean."
WEB360_100764.mp4,"an underwater view of a ship wreck and a rock formation in a blue ocean with bubbles on the bottom, and a bird flying over a coral reef."
WEB360_100765.mp4,"an underwater view of a turtle swimming over a coral reef in a blue ocean, with green algae, a large group of fish, and the words ""airpano"" above it."
WEB360_100766.mp4,"an underwater view of a man diving in a blue ocean near a coral reef, the ocean filled with a lot of corals, and a person swimming"
WEB360_100767.mp4,"an underwater view of a man and a scuba diver swimming in the ocean over a coral reef, the reef populated with lots of fish, with an airpano logo above."
WEB360_100768.mp4,"an underwater view of a coral reef in the ocean with fish, sunlight shining through the water, and a scuba diver."
WEB360_100769.mp4,"an underwater view of people swimming in the ocean over a coral reef with sponges, seaweed and blue water, the scene including the words airpano above them."
WEB360_100770.mp4,"a blurry image of a large ship wreck in the ocean with a person in a scuba suit diving, a plane flying in the sky, and an underwater view of a coral reef."
WEB360_100771.mp4,"an underwater view of a man in a wet suit diving in the ocean with sunlight coming through the water, a colorful coral on a reef, and a large group of fish swimming over the coral reef."
WEB360_100772.mp4,a blurry photo of a beach with a sky filled with clouds.
WEB360_100773.mp4,a blurry panoramic photo of a sandy beach with clouds in the sky
WEB360_100774.mp4,"an aerial view of a sandy beach with the ocean in the background and a body of water in the distance, the beach has footprints in the sand"
WEB360_100775.mp4,"an aerial panoramic view of a sandy beach with sand dunes, a body of water, and trees."
WEB360_100776.mp4,"an aerial view of a sandy beach with trees in the background, the beach adjacent to the ocean and a body of water."
WEB360_100777.mp4,"a panoramic view of a beach at dusk, featuring a sandy beach with a fence in the foreground, a cloudy sky, and the sun setting over the water."
WEB360_100778.mp4,"an aerial, partly blurry photo of a beach and a large body of water under a cloudy sky, with a boat in the distance."
WEB360_100779.mp4,"an aerial view of a sandy beach at sunset with a cloudy sky, including the sun setting over the ocean."
WEB360_100780.mp4,"an aerial view of a large body of water, possibly a lake, surrounded by mountains, a grassy field, and a lush green hillside, with a waterfall and a river running through the scene."
WEB360_100781.mp4,"a large body of water surrounded by mountains and trees, including a group of people on a boat in the lake."
WEB360_100782.mp4,a computer generated image of a waterfall and a lush green hillside with a group of boats including one that is traveling down the river and others that are floating on top of a lake.
WEB360_100783.mp4,"an aerial bird-eye view of a large waterfall in the middle of a river in the mountains, with a boat in it."
WEB360_100784.mp4,"an aerial view of a group of people in a boat on a river in front of a waterfall, with mountains in the background."
WEB360_100785.mp4,"a bird's eye view of a large waterfall in a lush green valley with a river running through it, the scene includes people walking on a path near a lake and is surrounded by green trees and fields."
WEB360_100786.mp4,"an aerial and bird's eye view of a landscape including a lake surrounded by mountains, a mountain range, and a river running through a valley."
WEB360_100787.mp4,"an underwater view of a large fish and a turtle swimming over a coral reef with algae, and a couple of people swimming in the ocean."
WEB360_100788.mp4,"an underwater view of a person in a scuba suit swimming over a coral reef in the ocean, with a manta ray and a scuba mask."
WEB360_100789.mp4,an underwater view of a manta ray and a large fish swimming over a coral reef with a scuba diver.
WEB360_100790.mp4,"an underwater view of an ocean with a fish swimming over rocks and a reef with algae, including the words airpano"
WEB360_100791.mp4,"an underwater view of a fish and a polar bear swimming near a rock formation in the ocean, including rocks and corals."
WEB360_100792.mp4,"an underwater view of an ocean with a coral reef, fish swimming over a rock, algae, and the words airpano over it."
WEB360_100793.mp4,"a picture of a seal swimming underwater in the ocean, with views of rocks and a rock formation"
WEB360_100794.mp4,"an underwater scene in the ocean, featuring a group of starfish swimming, rocks and pebbles on the ocean floor, and the words airpano."
WEB360_100795.mp4,"an underwater photo of a large group of fish swimming in the ocean around a large rock, including a large green fish in the pond."
WEB360_100796.mp4,"a blurry panoramic photo of a desert at sunset, with a road and a body of water nearby, possibly an ocean."
WEB360_100797.mp4,"a panoramic view of a desert landscape with a bright sun in the sky, including rocks, sand, and a dirt road."
WEB360_100798.mp4,"a distant view of a desert with a river, including a body of water viewed from a cliff."
WEB360_100799.mp4,"a 3D panoramic image of a desert landscape, including a road, a river, and a road near the ocean."
WEB360_100800.mp4,"an aerial panoramic view of a desert with a road, a beach and a body of water, including a computer generated image and a blurry photo of the road."
WEB360_100801.mp4,"a panoramic view of a sandy beach under a cloudy sky, the view including the sky, water, and a scene captured from a plane."
WEB360_100802.mp4,"a wide angle view of a snow covered field with a beach, the scene showing the sky and clouds, the sun shining brightly over the water and the words airpano on the beach."
WEB360_100803.mp4,a blurry panoramic picture of a large body of water with the sky and clouds reflected in it.
WEB360_100804.mp4,"a blurry photo of a person walking on a beach in the middle of a large body of water, with a plane flying in the blue sky."
WEB360_100805.mp4,"an aerial view of a landscape including a beach, a body of water, a desert, and a mountain range with the sun shining through the clouds, and a blurry photo of the beach."
WEB360_100806.mp4,"a picture of a beach at sunset, featuring a setting sun over the large body of water, under a cloudy sky with the words airpano over it."
WEB360_100807.mp4,"a panoramic view of a large body of water, possibly a lake, at sunset with a sky in the background"
WEB360_100808.mp4,a blurry photo of a body of water under a cloudy sky at sunset on the beach
WEB360_100809.mp4,an aerial view of a herd of horses standing on top of a grass covered field with a truck in the distance.
WEB360_100810.mp4,"a group of horses standing on top of a grass covered field, including a blurry photo of two horses"
WEB360_100811.mp4,"a panoramic and aerial view of a beach and a desert at sunset, the view also includes a scene from a plane."
WEB360_100812.mp4,a panoramic and aerial view of a large and vast expanse of water.
WEB360_100813.mp4,"a wide open desert field with red flowers, a person standing in the middle of it."
WEB360_100814.mp4,"a panoramic and aerial view of a beach and the ocean at sunset, where the sun is setting over a large body of water."
WEB360_100815.mp4,"a herd of wild animals, including buffalo and cattle, standing and grazing on a snow covered field, also seen walking across the field."
WEB360_100816.mp4,"a group of wild boars, a couple of other animals, and a herd of cattle in a snowy field with a tree in the middle, all interacting with the snow."
WEB360_100817.mp4,"a panoramic view of a herd of horses and cattle across a snow covered field, with a snowboarder walking in the snow with a snowboard."
WEB360_100818.mp4,a herd of horses and buffalo standing and walking across a snow covered field.
WEB360_100819.mp4,"a 3D image of a snow covered mountain range under a bright blue sky, including the top of a snowy mountain."
WEB360_100820.mp4,"an aerial view of a person on skis on a snow-covered mountain range, with the word airpano above it, against a sky background, as viewed from a plane"
WEB360_100821.mp4,"a panoramic view of a snow covered mountain range under a blue sky, including the top of a snowy mountain, as seen from an aerial perspective."
WEB360_100822.mp4,"an aerial view of a city at night, the city including an airplane flying overhead and a body of water."
WEB360_100823.mp4,a large group of fish and a shark swimming over a coral reef in the ocean
WEB360_100824.mp4,"an underwater view of a large group of fish swimming over a coral reef, with the words airpano on it."
WEB360_100825.mp4,"a man in a wet suit is diving in the ocean, where a large group of fish are swimming over a coral reef and another man is standing on top of a boat."
WEB360_100826.mp4,"a panoramic view of a snow covered landscape, including a forest with trees and a mountain."
WEB360_100827.mp4,a panoramic view of a snow covered forest under a cloudy sky
WEB360_100828.mp4,"a panoramic view of a large group of trees and a field, both covered in snow, against a sky background."
WEB360_100829.mp4,"a panoramic view of a snow covered field with a sunset in the background, the sky filled with clouds, and a beach view."
WEB360_100830.mp4,"an aerial and panoramic view of a snowy landscape, including a frozen lake surrounded by a snow covered forest and trees."
WEB360_100831.mp4,"a panoramic and aerial view of a river running through a lush green forest and field, including trees and clouds in the sky."
WEB360_100832.mp4,"an aerial view of a lake at sunset, the lake surrounded by lots of trees under a blue sky"
WEB360_100833.mp4,a panoramic and aerial view of a snow covered forest
WEB360_100834.mp4,"a man riding a snowboard down a snow covered field, the field with trees and a sky background, the snowboarder is going down a snowy hill."
WEB360_100835.mp4,"a person on a snowboard in a snow covered park, the park including a snow covered slope, a couple of people standing in the snow, and a person walking through the park."
WEB360_100836.mp4,a man riding skis and a snowboard down a snow covered slope.
WEB360_100837.mp4,a panoramic and aerial view of a snow-covered mountain range and field.
WEB360_100838.mp4,"a snowboarder is going down a snowy hill, holding his skis, with a pair of skis sitting on top of the snow covered slope and a person is flying a kite in the snow."
WEB360_100839.mp4,"a snowboarder and a man riding skis going down a snow covered mountain, with a pair of skis sitting on top of the slope."
WEB360_100840.mp4,"The output is: an aerial view of a sun shining over a snow-covered mountain range, with a person standing on top of the mountain, and another person on skis holding onto a parachute."
WEB360_100841.mp4,"a person and a couple of people parasailing over a snow-covered mountain on a sunny day, with a pair of feet standing on top of the slope and a man riding skis down the slope."
WEB360_100842.mp4,"an aerial view of a snow covered mountain range with a river running through it, a person snowboarding in the air, and another person parasailing over a sandy beach."
WEB360_100843.mp4,"a person flying a kite and parasailing in the mountains and ocean respectively, and a man riding a snowboard down a snow covered slope on a sunny day."
WEB360_100844.mp4,"a snow covered field with a person flying a kite, skis on the ground, and an airplane flying over mountains in the background."
WEB360_100845.mp4,"an aerial view of a city with lots of buildings, an airport, a body of water, and a farm with the sun setting in the background."
WEB360_100846.mp4,"an aerial view of an airport including a runway, buildings, and parking lots."
WEB360_100847.mp4,"The output is: an aerial panoramic view of an airport with a runway, parking lot with cars on it, and a nearby highway."
WEB360_100848.mp4,"an aerial view of an airport with a sun in the background, the airport includes a train on the tracks, a plane parked on the runway, and a plane taking off."
WEB360_100849.mp4,"an aerial and panoramic view of a body of water, a river at sunset, with a mountain in the background and a snow covered field."
WEB360_100850.mp4,"a panoramic view of a lake at sunset, surrounded by mountains with a mountain in the background."
WEB360_100851.mp4,"a panoramic aerial view of a lake at sunset, the lake surrounded by a mountain range"
WEB360_100852.mp4,"a panoramic view of the Grand Canyon from a plane, including an airplane flying through the sky with the word AirPano on it."
WEB360_100853.mp4,"a panoramic view of the Grand Canyon with a train traveling down tracks next to a mountain, and an airplane flying over the canyon with a mountain in the background."
WEB360_100854.mp4,"a panoramic view of the Grand Canyon and a desert with a mountain in the background, also including a small airplane flying over a large body of water and a helicopter flying over a canyon."
WEB360_100855.mp4,"a computer generated image of a setting sun over a mountain range, with a great wall and the word airpano in the view."
WEB360_100856.mp4,"an aerial view of a mountain with a road going up it, people walking on it, a bird flying over it, and a sky background."
WEB360_100857.mp4,"a blurry image of a mountain with a sky and sun in the background, a person standing on top of the mountain, and a computer-generated image of a castle on a hill."
WEB360_100858.mp4,"The output would be: a blurry photo of a man standing on top of a snow-covered mountain at sunset, the mountain landscape includes a castle on a hill and a sky background."
WEB360_100859.mp4,"a blurry image of a person walking on a bridge and a path, with a mountain side and mountains in the background, including a mountain with a tower."
WEB360_100860.mp4,"a panoramic picture of a mountain range with a sky background, including a building on top and views from a high point."
WEB360_100861.mp4,"a blurry photo of a foggy landscape with the sun rising, featuring mountains with a sky background and the word airpano over it."
WEB360_100862.mp4,"a blurry and foggy photo of a mountain with trees on top, a body of water, a beach with rocks in the distance, and a castle, all viewed from an aerial perspective."
WEB360_100863.mp4,"a long exposure picture of a foggy beach with a rock in the distance, a bird flying over a lush green hillside next to the water, and a mountain in the foggy sky."
WEB360_100864.mp4,"a group of people standing on top of a lush green hillside with a view of a body of water, surrounded by mountains in the fog."
WEB360_100865.mp4,"a panoramic and aerial view of a river running through a lush green countryside with mountains in the background, the river and the lake containing boats."
WEB360_100866.mp4,"an aerial view of a large body of water with boats floating on top, a city and a village by its side, the city with a river running through it, and mountains in the background."
WEB360_100867.mp4,"The output is: a man standing on top of a boat in a river, with a view of mountains, boats, a group of people next to the water, and a bridge in the background."
WEB360_100868.mp4,an aerial view of a large body of water with a city in the background.
WEB360_100869.mp4,"a man sitting on a boat with life preservers on it, traveling down a large body of water or a river with a large city in the background."
WEB360_100870.mp4,a panoramic and aerial view of a large city with tall buildings.
WEB360_100871.mp4,"an aerial view of a city with a ferris wheel, a large body of water, and tall buildings"
WEB360_100872.mp4,"a view of a city with a body of water in the foreground, including a person sitting on a bench on a street and a view from a walkway."
WEB360_100873.mp4,"a blurry photo of a person walking on a boardwalk at night, next to a body of water and a city street, the scene viewed from a pier."
WEB360_100874.mp4,"a panoramic and aerial view of a city with tall buildings, a body of water, the ocean, and a mountain in the background."
WEB360_100875.mp4,"a group of people standing and sitting next to a body of water, with a panoramic view of a city in the background, and a blurry photo of a balcony overlooking the water."
WEB360_100876.mp4,"an aerial view of a large body of water surrounded by a city, the city having boats in the water."
WEB360_100877.mp4,an aerial and panoramic view of a large city by the ocean at sunset
WEB360_100878.mp4,The output would be: a panoramic and aerial view of a city with the ocean and mountains in the background.
WEB360_100879.mp4,"a panoramic view of a city at night with a large boat in a large body of water, seen from an aerial perspective, and a sky background."
WEB360_100880.mp4,"a panoramic view of a city by a large body of water, the city including a street with a clock tower in the distance."
WEB360_100881.mp4,"a bird's eye and panoramic view of a mountain range at sunset, including a 3D image of a mountain with a sky background."
WEB360_100882.mp4,"a bird's eye view of a very large mountain range with a tall peak at sunset, set against a sky background."
WEB360_100883.mp4,"an aerial, computer-generated image of a mountain with a sky background, including a bridge."
WEB360_100884.mp4,a panoramic and aerial view of a mountain range with trees on it and the sun shining on it.
WEB360_100885.mp4,"a bird's eye view of a panoramic mountain range with a sky background, including a blurry photo of the mountain."
WEB360_100886.mp4,"a blurry panoramic view of a mountain range with a tree growing on top, a sky background, and the sun setting over a mountain."
WEB360_100887.mp4,"a computer generated bird's eye view of a mountain range at sunset, with a sky background and the sun setting over it."
WEB360_100888.mp4,"an aerial, bird's eye view of a mountain range at sunset, the scene including a blurry mountain with a sky background and a rainbow."
WEB360_100889.mp4,"an aerial and panoramic view of a mountain range with a cloudy sky, the sun in the background, possibly a bit blurry."
WEB360_100890.mp4,"a panoramic view of a mountain range from a plane, the scene including trees, mountains and a sky in the background."
WEB360_100891.mp4,"a computer generated image of a mountain range with a sky background, including an aerial view with clouds in the sky."
WEB360_100892.mp4,"an aerial view of a mountain range with a house, featuring a blue sky with clouds as a background."
WEB360_100893.mp4,a panoramic and 3D view of a very tall and rocky mountain range with a sky background and a road going through it.
WEB360_100894.mp4,"a panoramic view of a mountain range with a sky background, including an aerial view of the range."
WEB360_100895.mp4,"a bird's eye view of a rocky mountain range, with a person sitting on a cliff and a tree on top of one mountain"
WEB360_100896.mp4,an aerial view of a rocky mountain range with a blue sky background
WEB360_100897.mp4,"a blurry photo of a mountain range with an aerial view, all set against a sky background."
WEB360_100898.mp4,"a computer generated, yet slightly blurry image of a mountain with a sky background, showcasing both the top and an aerial view of the mountain."
WEB360_100899.mp4,an aerial and panoramic view of a city at sunset from a plane
WEB360_100900.mp4,an aerial view of a city at sunset.
WEB360_100901.mp4,a panoramic and aerial view of a city at sunset
WEB360_100902.mp4,"a blurry photo of the sky, featuring a mountain, a beach with a hill in the distance, and water, as viewed from a plane."
WEB360_100903.mp4,"a blurry view of a foggy beach at sunset, with a mountain covered in fog, a body of water, and the sun in the distance."
WEB360_100904.mp4,"a blurry photo of the sun rising over a mountain, including clouds, a body of water, and a cliff, with a sky background."
WEB360_100905.mp4,"a man standing on top of a mountain overlooking a body of water, the surrounding includes a lush green hillside, some rocks and a cliff."
WEB360_100906.mp4,"an aerial view of a foggy river running through a forest at sunset, with a view of the sun setting over a beach."
WEB360_100907.mp4,"a blurry photo of a man standing on a rock in the middle of a river, the surrounding includes a rocky beach, a tree in the distance, and the body of water surrounded by rocks."
WEB360_100908.mp4,an aerial view of an island in the middle of the ocean with a bird flying over it and a blurry view of the surrounding water.
WEB360_100909.mp4,"an aerial view from a plane, showcasing the sky, clouds and the words airpano"
WEB360_100910.mp4,"a panoramic view of a small island, a mountain, and the sun setting over a body of water, including a blurry photo of the ocean and sky."
WEB360_100911.mp4,"a panoramic view of a lake surrounded by mountains, including a cliff and a body of water, with a blurry view of the sun setting over the ocean."
WEB360_100912.mp4,"a blurry 3D photo of a rocky beach at a lake, the lake with the word airpano over it."
WEB360_100913.mp4,"a panoramic and aerial view of a mountain with rocks and grass in the fog, overlooking a body of water and a cliff."
WEB360_100914.mp4,"an aerial view of a foggy lake with the top of a mountain in the background, the sky and water, and the sun rising over the clouds."
WEB360_100915.mp4,"a person flying a kite on top of a mountain, with a bird flying in the sky, overlooking a rocky landscape and a cliff next to a body of water."
WEB360_100916.mp4,"a blurry photo of a very tall tower sitting on top of a rocky cliff under a foggy sky, with the landscape that has the word 'rupano' on it."
WEB360_100917.mp4,"a bird's eye view of a large body of water surrounded by clouds, a cliff and the sky, as seen from a plane"
WEB360_100918.mp4,"an aerial view of a grassy hill with a sky background, the hill includes a body of water in the distance, a field, a lone tree, and some areas are foggy and blurry."
WEB360_100919.mp4,"an aerial and panoramic view of a body of water with a mountain in the background and the sky, the images somewhat blurry."
WEB360_100920.mp4,"The output would be: a view of the sun shining in the sky above the clouds, featuring a blurry photo of a plane flying, as seen from an airplane."
WEB360_100921.mp4,"a view of the sun shining above the sky and clouds, as seen from a plane."
WEB360_100922.mp4,"a panoramic view of a large body of water during sunset, the water is surrounded by a forest and has an island with a clock tower in the middle of it."
WEB360_100923.mp4,"a panoramic and aerial view of a city and a small town by a lake, the scene includes a sailboat in the distance and a blue sky."
WEB360_100924.mp4,"a panoramic view of a large body of water, which could be a lake or a river, with a small island in the middle and a town nearby, all under a blue sky."
WEB360_100925.mp4,"a panoramic view of a very tall tower sitting in the middle of a lake with clouds in the sky, the view includes a body of water seen from a boat."
WEB360_100926.mp4,"an airplane flying over a large body of water under a blue sky, the nearby area covered with snow including a beach with a lighthouse and a field."
WEB360_100927.mp4,"an aerial view of a small island with a lighthouse, a town and a lake, during sunset over a body of water."
WEB360_100928.mp4,"an aerial view of a large body of water including a river, a green field under a cloudy sky."
WEB360_100929.mp4,"a computer generated image of a large wooden house sitting on a lush green field by a body of water, with a blurry photo of a boat on the water, as the sun is setting over the field."
WEB360_100930.mp4,an aerial view of a castle in the middle of a large body of water surrounded by a forest at sunset.
WEB360_100931.mp4,"a panoramic view of a sunset over a large wooden building and tower, both with clocks on the top, located near a body of water where the sun is setting over a lake."
WEB360_100932.mp4,"a blurry photo of a woman standing in a room with a red curtain and a bed, another woman sitting on a bench, and a man sitting on the bed."
WEB360_100933.mp4,"a 360 photo of a couple of people walking down a country road, the road being next to a grassy field with a fence and a body of water."
WEB360_100934.mp4,"a blurry photo of a large wooden room with a clock, many paintings on the wall and a bench, a woman standing next to a red and white box, a man also standing in the room."
WEB360_100935.mp4,"an aerial and panoramic view of a castle with a large body of water, perhaps a lake, surrounded by a lush green field at sunset."
WEB360_100936.mp4,"a blurry photo of a large body of water, likely a calm lake at sunset, with features including a house in the distance and trees in the background."
WEB360_100937.mp4,"a large house sitting on top of a lush green field next to a lake, with the sun setting over the calm lake and a sky background."
WEB360_100938.mp4,"a 3D image of a person standing on a wooden deck next to a body of water, the deck featuring a porch with a bell on top, and a view of a building from the balcony."
WEB360_100939.mp4,"a computer generated image of a church with a wooden porch, overlooking a lake or a body of water."
WEB360_100940.mp4,"a picture of a person standing on a dock next to a tree sitting on a pile of leaves, all surrounded by a large body of water, with a river and a house in the background."
WEB360_100941.mp4,"a blurry image of a man and a woman sitting in a room with wooden walls and a window, the room includes a table, a bench and is part of a kitchen with a refrigerator."
WEB360_100942.mp4,"a 3D image of a log cabin on the side of a country road with a panoramic view of a lake, including a house and a tree in the scene."
WEB360_100943.mp4,"The output is: an aerial view of a small island in the middle of a large lake surrounded by a forest, with trees in the foreground and a sky background."
WEB360_100944.mp4,"a bird's eye view of a small island in the middle of a lake, with panoramic views of the lake surrounded by trees, clouds in the sky, and an aerial view of the body of water."
WEB360_100945.mp4,"an aerial panoramic view of a large lake surrounded by trees, with a boat in it and a house nearby."
WEB360_100946.mp4,"an aerial view of a scene including a castle in a grassy field, a boat dock on a lake, a farm with a lake in the background, and a body of water."
WEB360_100947.mp4,"an aerial view of a lush green field next to a large body of water, the water hosting boats and being adjacent to a building."
WEB360_100948.mp4,"a man sitting on a bench under a tree near a body of water, with a view of a log cabin in a field and a farm with a sign in the foreground."
WEB360_100949.mp4,"a bird's eye view of a large body of water under a cloudy sky at sunset, the scene including a lake and houses."
WEB360_100950.mp4,a blurry photo of a small body of water with houses and a wooden bridge in the background.
WEB360_100951.mp4,"a blurry image of a couple of people sitting in a room with a wooden floor and a table, the room has a bench and two windows."
WEB360_100952.mp4,"a blurry photo of a man and a woman sitting on the porch of a log cabin and a house in the middle of a field, with a lake in the background."
WEB360_100953.mp4,"a blurry photo of a man sitting in a dining room with a wooden floor, the room has a table with a quilt on it, chairs, two beds and a sign that says airpano."
WEB360_100954.mp4,"a bird's eye view of a church on a hill overlooking a lake surrounded by trees, the lake extends to the land."
WEB360_100955.mp4,"an aerial view of a small wooden building with a cross on top, located in a grassy field at sunset, the field includes trees and a lake in the background."
WEB360_100956.mp4,"an aerial view of a farm in the fall, the farm including a grassy area, a lake with a bench in the foreground, and is surrounded by trees."
WEB360_100957.mp4,"a blurry photo of a grassy field with two barns, a house, trees and water in the background."
WEB360_100958.mp4,"an aerial and panoramic view of a lake with houses, a farm, trees in the foreground, a house in the background, and a grassy field next to the body of water."
WEB360_100959.mp4,"an aerial view of a castle surrounded by a lush green field, with a large lake and sky in the background."
WEB360_100960.mp4,"an aerial and panoramic view of a large body of water, next to which are a building and a clock tower."
WEB360_100961.mp4,"an aerial and panoramic view of a snow covered field and a frozen lake, with the sun setting over the field."
WEB360_100962.mp4,an aerial and panoramic view of a snow covered field with the sun setting over a frozen lake
WEB360_100963.mp4,"a snow covered field with a car driving across it, and a building and a barn in the distance."
WEB360_100964.mp4,"an aerial panoramic view of a snow-covered landscape that includes a church, a field, and a frozen lake."
WEB360_100965.mp4,"an aerial view of a snowy scene at sunset, including a building, a church, and a panoramic view of a frozen lake."
WEB360_100966.mp4,"an aerial and panoramic view of a snow covered field with a church, a frozen lake and a lighthouse in the distance"
WEB360_100967.mp4,an aerial view of a snow-covered field with a church and a bench in the middle of it.
WEB360_100968.mp4,"a panoramic aerial view of a snow covered landscape, including fields."
WEB360_100969.mp4,"The output is: a blurry photo of a small boat floating on a large body of water, with a lush green hillside in the background"
WEB360_100970.mp4,"an aerial and panoramic view of a lush green field with trees, a grassy hill, a boat on a body of water"
WEB360_100971.mp4,an aerial and panoramic view of a body of water with a mountain in the background and the airpano logo.
WEB360_100972.mp4,"a blurry photo of a man riding a boat traveling down a body of water, the water includes a lake and a river next to a lush green hillside."
WEB360_100973.mp4,"a couple of people riding on a speed boat speeding across a body of water under a cloudy sky, with an island in the middle of the water."
WEB360_100974.mp4,"a wide open field with a river running through it, a lake, mountains in the background, a large body of water surrounded by lush greenery, viewed from an aerial perspective."
WEB360_100975.mp4,"a panoramic view of a wide open field with a river running through it, the field includes a lake in the distance, mountains in the distance, and a lush green forest."
WEB360_100976.mp4,"an aerial view of a large body of water, a green field with a mountain in the distance, and a river running through a lush green field."
WEB360_100977.mp4,a panoramic and aerial view of a wide open field with a river running through it and a large body of water sitting next to it.
WEB360_100978.mp4,"an aerial view of a lush green countryside with a river running through it and a lake in the middle, the scenery includes a boat and a grassy area."
WEB360_100979.mp4,an aerial and panoramic view of a large body of water including the ocean and land.
WEB360_100980.mp4,"an aerial view of a beach, the ocean, and a desert with sparse trees, also includes a blurry photo of a body of water."
WEB360_100981.mp4,"an aerial view of a group of people riding horses across a wide open grassy field, the field with trees and a dirt road running through it."
WEB360_100982.mp4,"a panoramic and aerial view of a lake with a boat in the water, a beach, a farm near the body of water, and a dirt road on the farm."
WEB360_100983.mp4,"a blurry view of the sun rising over a mountain surrounded by a body of water, sky and clouds."
WEB360_100984.mp4,"a blurry photo of a small island and two boats floating in the middle of a large lake, the lake with a sky background."
WEB360_100985.mp4,"a person walking on a dirt road near a body of water, a person riding a skateboard on a dirt hill, with the sun setting behind a group of pillars on top of the field."
WEB360_100986.mp4,"an aerial view of a man standing next to a fire on top of a grassy field, with a sunset in the background."
WEB360_100987.mp4,"a view from the top of a mountain, featuring the ocean, the body of water, and the setting sun over the ocean."
WEB360_100988.mp4,"an aerial view from a plane flying above the clouds, overlooking a cliff, a body of water, and the ocean, with a blurry view of the sky."
WEB360_100989.mp4,"a panoramic and aerial view of a barren landscape at sunset, which includes a lake, mountains, and a mountain with snow on the ground."
WEB360_100990.mp4,"a panoramic view of a snow covered field with a lake, a boat in the distance, a mountain in the background, and trees and a hill."
WEB360_100991.mp4,"a panoramic and aerial view of a lake at sunset, the scene includes a snow covered field, and is surrounded by mountains"
WEB360_100992.mp4,"a panoramic aerial view of a lake at sunset, the lake is surrounded by mountains"
WEB360_100993.mp4,"a panoramic and aerial view of a lake at sunset, surrounded by mountains and a body of water."
WEB360_100994.mp4,an aerial view of a city at night.
WEB360_100995.mp4,"an aerial view of the Las Vegas city at night, the city including an airport and the Las Vegas strip."
WEB360_100996.mp4,"The output would be: an aerial view of a city at night, the view captured from the top of a building."
WEB360_100997.mp4,"a panoramic view of a city at night from the top of a building, the city observed in aerial view"
WEB360_100998.mp4,a panoramic aerial view of a city at night from the top of a building.
WEB360_100999.mp4,"a night view of the Las Vegas strip, including the Planet Hollywood hotel and casino, lit up and seen from the top of a skyscraper."
WEB360_101000.mp4,an aerial view of the Las Vegas strip lit up at night
WEB360_101001.mp4,"a night view of the Las Vegas strip, including a ferris wheel in the distance, as seen from an aerial perspective."
WEB360_101002.mp4,"an aerial view of the Las Vegas strip at night, the city view captured from the top of a building with the lights on."
WEB360_101003.mp4,an aerial view of a city at night from the top of a building.
WEB360_101004.mp4,an aerial view of a city at night.
WEB360_101005.mp4,"a panoramic view of a city with a river, the city features a tall building with people standing on top and a ferris wheel with people riding on top, also there is a view of the ocean as seen from a plane."
WEB360_101006.mp4,"a city street filled with lots of traffic and a red and white double decker bus driving down it, next to tall buildings with groups of people walking, including a large group crossing a bridge."
WEB360_101007.mp4,"a view of a street with cars, a woman in a purple jacket taking a picture, a man standing on a bridge next to a river, all of these with a clock tower in the background."
WEB360_101008.mp4,"a panorama of a street with a woman riding a skateboard, a man in a kilt playing a bagpipe on a bridge, a group of people walking across the same bridge, and a river with a ferris wheel in the background."
WEB360_101009.mp4,"a boat traveling down a river next to a tall building and a bridge, with a crowd of people standing by a metal fence and a group of people sitting on a bench."
WEB360_101010.mp4,"a group of people riding and walking on a bridge over a body of water, the scene including a bus driving over the bridge, people on the back of a boat, and a tall tower next to the bridge."
WEB360_101011.mp4,"a boat traveling down a river next to a bridge and a tall building, with a group of people sitting on top of the boat and a crowd of people waiting for a train."
WEB360_101012.mp4,"a panoramic view of a city with a castle, a street with a crowd of people walking next to tall buildings, a field with a fence and a building in the background, and a large group of people walking around an airport."
WEB360_101013.mp4,"a group of people walking and riding motorcycles across a stone walkway and down a street next to tall buildings, with a person sitting on the ground in a courtyard."
WEB360_101014.mp4,"a blurry photo of a group of people walking and riding bicycles on a city street with cars parked on the side of the road, next to a tall building."
WEB360_101015.mp4,"a blurry photo of a city with a large building featuring a clock tower, streets filled with cars and pedestrians, and a woman walking down a sidewalk next to a tree."
WEB360_101016.mp4,"a computer generated image of a large building with a clock on it, including a man standing in a doorway and another man standing in front of a window with the words airpano on it."
WEB360_101017.mp4,"a large grassy field on a street, with a person riding a bike, and flags flying in the air, captured as a 3D image and a blurry photo."
WEB360_101018.mp4,"a group of people and horses, including a man, walking down a street next to a fence and a horse drawn carriage, with a man in front of a gate."
WEB360_101019.mp4,"a blurry photo of a person standing in a park with a grassy field, the park having a large tree under which a squirrel is sitting."
WEB360_101020.mp4,"a virtual view of a city street filled with traffic and a monument in the background, with a group of people walking down the street next to tall buildings, and people riding on the back of a double decker bus."
WEB360_101021.mp4,"a blurry photo of a city square with a group of people walking around, a fountain in the middle, and a statue of a man on a horse."
WEB360_101022.mp4,"a group of people, including a woman, walking around and down a street in front of and next to tall buildings."
WEB360_101023.mp4,"a group of people and two women walking on the side of a road, a double decker bus driving down the street next to a large building and tall buildings."
WEB360_101024.mp4,"a double decker bus and a group of people walking down a street next to a tall building, with a panoramic view of people walking in a park"
WEB360_101025.mp4,"a panoramic view of a bridge over a river, the scene includes a street light, a ferris wheel in the background, a red double-decker bus driving down a street, and a group of people walking across the bridge."
WEB360_101026.mp4,"a computer generated image of a white boat traveling down a river next to a bridge with a city in the background, and a large group of people sitting on top of the boat."
WEB360_101027.mp4,"a boat traveling down a river next to a tall building in a city, with a large group of people riding and sitting on top of the boat"
WEB360_101028.mp4,"a blurry photo of a boat floating under a cloudy sky and a sunset over a river, with a large ferris wheel sitting next to the river, and the logo for an airpano production company visible."
WEB360_101029.mp4,"an aerial view of a beach and a pier at sunset, with the sun setting over the ocean as seen from a boat"
WEB360_101030.mp4,"an aerial view of a city and the ocean at sunset, including a beach."
WEB360_101031.mp4,"an aerial panoramic view of a city and a beach at sunset, including a boat traveling across the ocean."
WEB360_101032.mp4,"an aerial and panoramic view of a city and a beach with a large body of water, a pier, and a sky background."
WEB360_101033.mp4,"an aerial view of a city with lots of buildings, a beach and the ocean, also including a blurry photo of a beach with the ocean in the background."
WEB360_101034.mp4,"an aerial and panoramic view of a city by the ocean, the city including a marina with boats in the water, a beach and near the ocean."
WEB360_101035.mp4,"an aerial view of a city with a harbor and a marina in the middle of the ocean, the city having the ocean in the background"
WEB360_101036.mp4,an aerial view of a city at sunset/dusk.
WEB360_101037.mp4,"an aerial view of a city under a cloudy sky at sunset and night, transitioning from dusk."
WEB360_101038.mp4,"a panoramic view of a city with a mountain range in the background, as seen from a plane."
WEB360_101039.mp4,"an aerial view from a plane of a city, including a body of water, mountains and a river."
WEB360_101040.mp4,"a panoramic and aerial view of a large city with lots of buildings, as seen from a plane."
WEB360_101041.mp4,a panoramic and aerial view of a city with many tall buildings and a highway
WEB360_101042.mp4,an aerial view of a city with tall buildings
WEB360_101043.mp4,a panoramic and aerial view of a city with tall buildings
WEB360_101044.mp4,an aerial view of a city at night and at sunset.
WEB360_101045.mp4,an aerial view of a city at night.
WEB360_101046.mp4,an aerial view of a city at night from the top of a building.
WEB360_101047.mp4,an aerial view of a city at night.
WEB360_101048.mp4,an aerial view of a city at night
WEB360_101049.mp4,"an aerial view of a city with tall buildings, seen from a balcony, and a computer generated image of a building with arches and pillars."
WEB360_101050.mp4,"a view of a city at night from the top of a large building with arches and a clock tower, the view includes a balcony and a high rise."
WEB360_101051.mp4,"a blurry view of a city at night from a high rise building, the city including a train station."
WEB360_101052.mp4,"a panoramic 3d view of a beach with palm trees, a house, a pier in the background, and a view of the ocean from a boat."
WEB360_101053.mp4,"a blurry photo of a white sandy beach with a person in the water, a hut and trees in the background, a boat on the water and a sign that says airpano vr production."
WEB360_101054.mp4,"a view of a person swimming at the beach with clear blue water, including a sky background."
WEB360_101055.mp4,"a panoramic view of a person standing next to a house on a beach with palm trees, including a bed sitting on the sandy beach."
WEB360_101056.mp4,"a 3D panoramic view of a sandy beach with palm trees, beach chairs and a blue sky, including the shadow of a palm tree and an ocean view."
WEB360_101057.mp4,"a picture of the sun setting over a beach with a house in the background and a panoramic view of a body of water, the picture taken from the water."
WEB360_101058.mp4,"an aerial view of the beach, ocean, and a small island in the distance, with the sun shining over the water as viewed from a plane."
WEB360_101059.mp4,"a computer generated image of an island in the middle of the ocean from a boat, the view including clouds and a large body of water with a boat floating on top."
WEB360_101060.mp4,"an aerial view of a beach and ocean with a boat in the water, people swimming in the ocean and walking on the sand."
WEB360_101061.mp4,"an aerial view of a tropical resort island in the middle of the ocean, the island featuring a large group of boats and the sun shining through the clouds over the ocean."
WEB360_101062.mp4,"a man standing on the balcony of a cruise ship traveling through the ocean on a cloudy day, the boat with a life preserver on the front of it, and a view of the back of the boat."
WEB360_101063.mp4,"a room on a boat filled with lots of scuba gear, with a man standing inside, a group of people sitting on top, and a view of the ocean."
WEB360_101064.mp4,"an underwater view in the ocean, including a boat, a fish swimming in the blue water, a person swimming, and a close up of a camera in the water."
WEB360_101065.mp4,an underwater view of a group of fish swimming over a coral reef in the blue ocean.
WEB360_101066.mp4,a large group of fish swimming in the ocean with a bottle floating in the water among them.
WEB360_101067.mp4,an underwater view of a large group of fish swimming in the ocean over a coral reef.
WEB360_101068.mp4,"an underwater view of a large shark swimming in a blue ocean over a sandy bottom, with a bottle floating next to it and a camera in the water."
WEB360_101069.mp4,"an aerial view of a beach with people and a boat in the ocean, as seen from a boat."
WEB360_101070.mp4,"a computer generated image of a group of sharks and a large group of fish swimming in the ocean, captured by an underwater camera"
WEB360_101071.mp4,"an underwater ocean view with a person scuba diving, a shark, a fish swimming over a sandy bottom, rocks, seaweed, and a group of people riding on a boat."
WEB360_101072.mp4,an underwater view of a shark and a group of fish swimming near a camera in the ocean
WEB360_101073.mp4,"an aerial view of a large body of water under a cloudy sky, including a group of boats floating, a small island in the middle, and a boat in the distance."
WEB360_101074.mp4,"an aerial view of a large body of water, including a beach and the ocean, with a group of boats and a large boat floating on top."
WEB360_101075.mp4,"an underwater view of the sun shining through the water, featuring a man in a wet suit and a diving suit swimming in the ocean."
WEB360_101076.mp4,"a view of people in the ocean from a boat, including people riding a surfboard and a couple of people in the water with the boat."
WEB360_101077.mp4,"a large white boat floating in the middle of the ocean, with a view from the boat and the words airpano visible on the ocean surface."
WEB360_101078.mp4,"an aerial view of a tropical island in the middle of the ocean with a lagoon, surrounded by trees, and a view from a boat."
WEB360_101079.mp4,"an aerial panoramic view of a beach with clear blue water, including a cruise ship in the distance, a view from a boat, and a couple of boats floating on the water."
WEB360_101080.mp4,"an aerial view of the ocean from a plane, the view including a boat floating in the large body of water and clouds."
WEB360_101081.mp4,"an aerial view of a city with a large body of water, the ocean and a sunset in the background"
WEB360_101082.mp4,"a panoramic and aerial view of a city with tall buildings and the ocean, including a large ship in the middle of the ocean and boats in a large body of water."
WEB360_101083.mp4,"an aerial view of a city next to a large body of water, the city with tall buildings and a sunset in the background, as well as a panoramic view including the ocean."
WEB360_101084.mp4,"an aerial and panoramic view of a city at sunset, the city with tall buildings."
WEB360_101085.mp4,"a panoramic and aerial view of a city at sunset, the city including tall buildings and a soccer field."
WEB360_101086.mp4,a panoramic and aerial view of a city with tall buildings at sunset
WEB360_101087.mp4,"a blurry panoramic photo of a city by the ocean at sunset, with a view extending to the body of water."
WEB360_101088.mp4,"an aerial view of a city at sunset, the city located near a large body of water, a beach and the ocean."
WEB360_101089.mp4,"a 3D image of a snowy landscape at sunset, the landscape including trees, a snow covered field, and a sky background."
WEB360_101090.mp4,"a snow covered scene with a group of trees on a hill, a road, a mountain with a sky background, and a field where the sun is setting."
WEB360_101091.mp4,"a panoramic view of a snow covered landscape at sunset, including a mountain, a field, and a hill with the sun setting over it."
WEB360_101092.mp4,"a 3D image of a snow covered landscape, including a hill and a mountain with a sky background, during a sunset."
WEB360_101093.mp4,"a large rock sitting on top of a snowy hill during sunset, the scene includes a snow-covered slope and a sky background."
WEB360_101094.mp4,a panoramic view of a person walking and a snowboarder going down a snow covered field with a slope and a mountain in the background.
WEB360_101095.mp4,"a computer generated image of a snow covered landscape, including a hill with a bright sun in the background, a man riding skis down a slope, and an aerial view of a mountain."
WEB360_101096.mp4,"a person riding skis down a snow covered slope, the scene includes a field with trees in the background and a snow covered road."
WEB360_101097.mp4,"a panoramic view of a snow covered field with a river running through it, the field is surrounded by a forest with trees and has a sky background."
WEB360_101098.mp4,"an aerial and panoramic view of a snow covered area including a ski slope, a field and a road."
WEB360_101099.mp4,"a large expanse of a snow covered field with a mountain in the distance and the sun in the background, the field being covered with a bunch of snow and having a sky background."
WEB360_101100.mp4,"a computer generated image of a snow covered field including a small house, a mountain in the distance, and a person riding skis on the snowy surface."
WEB360_101101.mp4,a computer generated image of a group of people walking across a snowy landscape with a sunset and a large body of water in the background.
WEB360_101102.mp4,a panoramic view of a satellite dish sitting on a snow covered field with the sun shining through the clouds in the sky
WEB360_101103.mp4,"a panoramic view of a person riding a snowboard down a snow covered slope, with a field under a cloudy sky, and a car driving down a road."
WEB360_101104.mp4,"a snow covered field with a bright sun and a blue sky in the background, a man riding skis on top of the slope, and an aerial view of a snow covered mountain."
WEB360_101105.mp4,"a panoramic view of a snowy landscape under a brightly shining sun, including a snow covered field, a snowboarder going down a hill, and a hill with a blue sky in the background."
WEB360_101106.mp4,"a man riding skis and a snowboarder going down a snow covered mountain slope, the mountain landscape includes a snow covered field and a bright sun in the sky background."
WEB360_101107.mp4,"a snow covered hill with a large rock sticking out of it, a person standing on it, the sun setting over it, extending into a snow covered field with a sky background."
WEB360_101108.mp4,"a computer generated panoramic image of a snowy landscape including a snow covered hill with a house in the distance, a snow covered field and a snow covered mountain."
WEB360_101109.mp4,"a 3D image of a snow-covered landscape with a mountain, a hill, a road, and a blurry photo of a beach, all with a sky background."
WEB360_101110.mp4,"a panorama of a snow covered hill with a snowboarder on it, a large body of water, and a blue sky in the background."
WEB360_101111.mp4,"a snow covered mountain and hill with a sky background, a snowboarder in the foreground, and a person standing in the snow on a sunny day."
WEB360_101112.mp4,"an aerial and panoramic view of a snow covered landscape at sunset, the landscape including a mountain, field and a river."
WEB360_101113.mp4,an aerial view from a plane of a snow covered mountain range with a sky background.
WEB360_101114.mp4,"a computer generated aerial view from a plane of a mountain peak, including a mountain range and a lake."
WEB360_101115.mp4,"an aerial and computer-generated view of a mountain range, including a mountain with a sign on it, a lake surrounded by mountains, and a snowy mountain range."
WEB360_101116.mp4,"a view from a plane, showcasing a panoramic and computer-generated image of a snowy mountain range, with the top of a mountain and a lake surrounded by mountains."
WEB360_101117.mp4,a panoramic and aerial view of a city with lots of tall buildings
WEB360_101118.mp4,an aerial view of a city with tall buildings
WEB360_101119.mp4,an aerial and panoramic view of a city with lots of tall buildings.
WEB360_101120.mp4,"a panoramic and aerial view of a city under a blue sky, the city has a ferris wheel and is surrounded by mountains."
WEB360_101121.mp4,an aerial view of a city with tall buildings
WEB360_101122.mp4,a panoramic and aerial view of a city with tall buildings
WEB360_101123.mp4,a panoramic view of a beach with a city in the background and a helicopter flying over a body of water
WEB360_101124.mp4,"a panoramic aerial view of a large body of water, a harbor, and a marina, all with numerous boats in them."
WEB360_101125.mp4,a panoramic view of a city next to a large body of water with a plane and a helicopter flying over it.
WEB360_101126.mp4,"an aerial and panoramic view of a city with tall buildings next to the ocean, with a helicopter flying over it."
WEB360_101127.mp4,"a panoramic view of a city next to the ocean with tall buildings, a body of water, and a helicopter flying over it."
WEB360_101128.mp4,"a panoramic view of a beach with the ocean, waves, and a city in the background, from a high point of view."
WEB360_101129.mp4,"a panoramic view of a city and the ocean, the city is surrounded by a large body of water with a bunch of boats in it."
WEB360_101130.mp4,"an aerial view of a city near a highway and a bridge over a body of water, with the ocean and body of water in view."
WEB360_101131.mp4,"a boat traveling down a large body of water at night, with a view of a city in the background, including tall buildings."
WEB360_101132.mp4,a panoramic aerial view of a city at night
WEB360_101133.mp4,a panoramic and aerial view of the city of Miami with a large body of water and a lake in the foreground and background.
WEB360_101134.mp4,a panoramic and aerial view of a city at night.
WEB360_101135.mp4,"an aerial view of a city at night, viewed from the top of a skyscraper."
WEB360_101136.mp4,"a desert landscape at night, filled with stars in the sky, featuring rocks and the words urpano vr production."
WEB360_101137.mp4,a night sky filled with stars is reflected in a body of water
WEB360_101138.mp4,"the night sky is filled with many stars above a desert, including the Milky Way."
WEB360_101139.mp4,the night sky filled with stars above a desert landscape
WEB360_101140.mp4,the night sky filled with stars above a desert
WEB360_101141.mp4,"an aerial view of a foggy landscape at sunset with the sun setting over the ocean and the beach, the landscape has the words airpano over it."
WEB360_101142.mp4,"an aerial view of a foggy forest in the middle of the day, the forest including a field with trees, and a river surrounded by trees."
WEB360_101143.mp4,"a blurry photo of a sunset at a beach with a sky background, including a foggy river and the sun setting over the ocean on a foggy day, and an aerial view of a forest."
WEB360_101144.mp4,an aerial view of a foggy forest at sunrise.
WEB360_101145.mp4,"an aerial view of a foggy landscape at sunset, including the sun setting over the ocean, a beach, a river, with the words 'airpano' over it."
WEB360_101146.mp4,"a small island in the middle of a body of water, viewed from a plane, with the sky, clouds, and the sun shining above the clouds in the sky."
WEB360_101147.mp4,"a red boat traveling down a body of water, surrounded by a lush green hillside, with a small island in the middle of it."
WEB360_101148.mp4,"The output is: an aerial view of a small island with a stream of water running down a lush green hillside, the island surrounded by a body of water."
WEB360_101149.mp4,"an airplane flying over a large body of water that contains a green island, the view also includes a blurry photo of the ocean with the word airpano on it."
WEB360_101150.mp4,"an aerial panoramic view of a beach with a rock outcropping in the ocean, and a body of water."
WEB360_101151.mp4,"an aerial view of a small village on a grassy hill, the village near a body of water, a grassy field, and the ocean with a small island in the distance."
WEB360_101152.mp4,"an aerial view of a grassy hill with a house, a body of water in the background, including the ocean with the word airpano over it."
WEB360_101153.mp4,"a view of a body of water with a cliff in the background, a group of birds flying over, a man riding on the back of a red boat, as seen from a boat."
WEB360_101154.mp4,"a view of a body of water including a lake and ocean, with a hill and mountain in the background, as seen from a boat and a beach"
WEB360_101155.mp4,"an underwater view of a coral reef in the ocean, with a polar bear swimming, a fish swimming, lots of seaweed, and the words airpano on it."
WEB360_101156.mp4,"a blurry photo of a person swimming in the ocean, which includes underwater views of a rock formation and a coral reef."
WEB360_101157.mp4,"a bird's eye view of a small village by the ocean, the village including a house on a hill, a grassy hill with a body of water in the distance, and a lush green hillside"
WEB360_101158.mp4,"the sun is setting over a city with a busy highway, a bridge over a river, viewed from the top of a tall building."
WEB360_101159.mp4,"an aerial view from a high point of a city at sunset, with a bridge over a river and a rooftop, transitioning into night."
WEB360_101160.mp4,"a view of a city at night from a high point of view, the city being somewhat blurry and featuring a skyline, with the words airpano over it."
WEB360_101161.mp4,"an aerial view of a city at night from a high point of view, the city displayed in a blurry picture."
WEB360_101162.mp4,"a 3d image of a park with a building in the middle, the park having purple flowers, a bush and an entrance, with a blue sky in the background."
WEB360_101163.mp4,"a blurry photo of a person walking down a street with trees, bushes, and a tall building, the scene includes a park with grass and a bush with purple flowers."
WEB360_101164.mp4,"a picture of a city park with a street, trees, buildings, and a path, where views include looking up at a tree from the ground and from a vehicle."
WEB360_101165.mp4,"a blurry picture of a large building in the middle of a park with trees, including a tree with white flowers and the words airpano on it."
WEB360_101166.mp4,"a view of a field with white flowers, trees including an apple tree in bloom, with some views captured from a low angle and from the ground looking up."
WEB360_101167.mp4,"a woman in a white dress standing in an apple orchard with lots of green grass and trees, the orchard is in a field full of trees and flowers under a blue sky with many trees in the background."
WEB360_101168.mp4,"a blurry photo of a person walking a dog on a path in a grassy field, the field including purple flowers"
WEB360_101169.mp4,"a panoramic picture of a church in the middle of a grassy field with trees, including a view of a tree from a moving vehicle and an aerial view of a tree in the woods."
WEB360_101170.mp4,"a panoramic view of a large white building in a park surrounded by purple flowers, including a tree and a bush."
WEB360_101171.mp4,a bunch of flowers that are in the grass with the logo for an airpano production company.
WEB360_101172.mp4,"a blurry photo of a group of people riding bikes down a sidewalk with a bush and a building, both with purple flowers, a tree in the middle of a field."
WEB360_101173.mp4,"The output is: a night time view of a very tall building with a clock tower, a park with a bench, a tree in the street, and a planter with flowers in front of a sign."
WEB360_101174.mp4,"a computer generated image of a desert landscape under a blue sky with a plane and a red and white helicopter flying over it, and a small airplane flying over a large body of water."
WEB360_101175.mp4,"a computer generated image of a desert landscape at sunset, including a red and white helicopter and a red airplane flying over."
WEB360_101176.mp4,"a computer generated panoramic view of a desert from a plane, the desert including sand dunes, mountains in the background and a blue sky."
WEB360_101177.mp4,"a computer generated panoramic image of a desert landscape, viewed from a plane with the sun shining over it."
WEB360_101178.mp4,"a view from the cockpit of a small plane flying over the ocean and the desert, with a couple of men riding in the back"
WEB360_101179.mp4,"a view of a desert landscape from a plane, a man sitting in a helicopter over the desert, with a plane flying over it"
WEB360_101180.mp4,"a panoramic and computer generated view of a desert landscape, the desert including sand dunes"
WEB360_101181.mp4,"an aerial view of a desert from a plane, the desert including sand dunes, a red helicopter and a plane flying over the landscape."
WEB360_101182.mp4,an aerial panoramic view of a desert landscape with a bird and a red and white helicopter flying over it.
WEB360_101183.mp4,a computer generated image of a desert landscape featuring a dead tree in the middle.
WEB360_101184.mp4,"a panoramic view of a desert landscape with a dead tree in the middle, the sun shining brightly, sparse trees, and a beach with people walking on it."
WEB360_101185.mp4,"a panoramic view of a desert landscape with a red and white helicopter flying over, a plane flying over the ocean under a blue and cloudy sky."
WEB360_101186.mp4,an aerial view from a plane of a desert landscape under a blue sky with clouds
WEB360_101187.mp4,a computer generated panoramic view of a desert landscape with a red and white helicopter and a red airplane flying over it under a blue sky.
WEB360_101188.mp4,"an aerial view of a desert with sand dunes and a bright sun in the background, featuring a red and white plane and a small plane flying over the landscape."
WEB360_101189.mp4,a person riding in a helicopter and a red and white plane flying over a desert landscape during sunset.
WEB360_101190.mp4,"a panoramic and aerial view of a field, lake and forest in autumn, with blue skies."
WEB360_101191.mp4,"a panoramic and aerial view of a field with a bridge in the distance and trees in the background, captured in both clear and blurry photo."
WEB360_101192.mp4,"a herd of deer and other animals grazing, walking, and standing on a lush green, grass covered field."
WEB360_101193.mp4,"a herd of deer grazing and standing on top of a lush green field, the field also hosts a couple of other animals"
WEB360_101194.mp4,"a bird's eye and aerial view of a wooded area with trees, featuring a wooden bench sitting under a metal roof next to the forest."
WEB360_101195.mp4,"a picture of a cow in a fenced in, wooded area with a bench and a bridge, the bench sitting in the middle of the forest and the bridge in the background"
WEB360_101196.mp4,"a herd of deer grazing and standing on a lush green field, with two cows also grazing in the field"
WEB360_101197.mp4,"a blurry photo of a large body of water, possibly a lake or a river, surrounded by a forest in the fall."
WEB360_101198.mp4,"an aerial and panoramic view of a body of water, including a lake and a river, running through a forest and surrounded by trees and land."
WEB360_101199.mp4,"an aerial view of a large body of water, likely a lake, surrounded by trees."
WEB360_101200.mp4,"a picture of a large lake with a blue sky in the background, the lake being surrounded by trees, inhabited by a bunch of birds and a white swan floating on it."
WEB360_101201.mp4,"an aerial and panoramic view of a valley with a green field, mountains, a castle, and a blurry mountain with a sky background."
WEB360_101202.mp4,"an aerial view of a castle with the sun shining brightly over a mountain range in the background, the castle is in the middle of a field, with a panoramic view of the mountain range."
WEB360_101203.mp4,"an aerial view of a castle situated in a valley with a road, surrounded by mountains, a lush green forest covered hillside and the sun shining over. A bird is seen flying over the scene."
WEB360_101204.mp4,"an aerial view of a castle with mountains in the background, including a blurry photo of the sun."
WEB360_101205.mp4,an aerial view of a large open green field with mountains and a blue sky in the background.
WEB360_101206.mp4,"an aerial view of a country scene, including a church, large open field, and mountains in the background"
WEB360_101207.mp4,an aerial view of a church in the middle of a green field with mountains in the background
WEB360_101208.mp4,"an aerial view of a green field with a church, a road running through it, and mountains in the background."
WEB360_101209.mp4,"a city street filled with lots of tall buildings, a yellow car driving down the street and a view from the top of a car."
WEB360_101210.mp4,a view from a moving vehicle of a car driving down a city street filled with lots of tall buildings.
WEB360_101211.mp4,"a car driving down a city street filled with lots of traffic, the street being surrounded by tall buildings."
WEB360_101212.mp4,a black car driving down a busy street next to tall buildings
WEB360_101213.mp4,a city street filled with lots of traffic and tall buildings
WEB360_101214.mp4,"a city street filled with tall buildings, featuring a car and a double decker bus driving down the street."
WEB360_101215.mp4,a city street filled with lots of tall buildings and traffic
WEB360_101216.mp4,a car driving down a city street filled with lots of traffic next to tall buildings.
WEB360_101217.mp4,"a city street filled with traffic and lots of tall buildings, featuring a yellow taxi cab driving down the street."
WEB360_101218.mp4,"a city street filled with traffic and tall buildings, including a person walking across a crosswalk."
WEB360_101219.mp4,"a city street filled with traffic next to tall buildings, with a police car parked in front of one of the buildings."
WEB360_101220.mp4,a city street filled with lots of tall buildings and traffic
WEB360_101221.mp4,"a city street with tall buildings, including a large sign on the side of a building, a car driving down the street, and lots of traffic."
WEB360_101222.mp4,"a city street filled with lots of traffic and tall buildings, with cars driving down the street."
WEB360_101223.mp4,"a view of a city street filled with tall buildings from a moving vehicle, with cars driving down the street."
WEB360_101224.mp4,"a view of a city street from a moving vehicle, the street having a delivery truck and cars driving down next to tall buildings."
WEB360_101225.mp4,a view from a moving vehicle of a car driving down a city street next to tall buildings
WEB360_101226.mp4,"a city street with tall buildings, featuring a yellow taxi cab, a black car, and other cars driving down the street."
WEB360_101227.mp4,"a car is driving down a city street next to tall buildings, the view from the windshield of the car includes a building in front"
WEB360_101228.mp4,a view from the top of a black car driving down a street next to tall buildings
WEB360_101229.mp4,"a blurry image of a city street corner, a car driving down the street with tall buildings, viewed from the top of a car and inside a car."
WEB360_101230.mp4,a car and a yellow taxi cab driving down a street next to tall buildings.
WEB360_101231.mp4,"a view of a city street from a car, including a yellow taxi cab driving down the street next to tall buildings"
WEB360_101232.mp4,"a large body of water with a view from a dock, including a city in the background, a bridge over the water, and a blurry photo of a pier."
WEB360_101233.mp4,"a large bridge spanning over a river with a boat traveling down it, a city next to the river, a group of people riding on top of the boat"
WEB360_101234.mp4,a panoramic view of a group of people sitting on a sidewalk and on a beach next to a large body of water with a bunch of boats in it and a bridge in the background
WEB360_101235.mp4,"a blurry photo of a city street filled with tall buildings, a group of people walking down the street, and a statue of a man in front of a building"
WEB360_101236.mp4,an aerial view of a city and a lake at sunset transitioning into night.
WEB360_101237.mp4,an aerial view of a city with tall buildings at sunset transitioning into night.
WEB360_101238.mp4,"an aerial view of a city with tall buildings and a large body of water, the city being in the background."
WEB360_101239.mp4,"an aerial view of a city at different times including sunset, night, and dusk."
WEB360_101240.mp4,"an aerial view of a city at night and at sunset, the city surrounded by a large body of water."
WEB360_101241.mp4,"an aerial view of a city at night, the city is surrounded by tall buildings and a large body of water."
WEB360_101242.mp4,an aerial view of a city at night.
WEB360_101243.mp4,an aerial view of a city at night.
WEB360_101244.mp4,"a blurry photo of a busy city street at night, filled with lots of traffic, people, and tall buildings."
WEB360_101245.mp4,"a night scene over a body of water featuring a green, blue and purple aurora, a lighthouse sitting on top of a building, and a pier with the word airpano over it."
WEB360_101246.mp4,"a digital image of a city at night with a green and black sky, some clouds, water, a green and red aurora bore, a lighthouse on a beach, and the word 'airpano' over it."
WEB360_101247.mp4,"a night scene of a green and purple aurora bore over a body of water, including a lighthouse and the word airpano in the foreground."
WEB360_101248.mp4,"a long exposure photo of a green and red aurora bore over the ocean at night, including a blurry image of a phone booth and a pier."
WEB360_101249.mp4,"a night time scene with a green and red aurora bore over a body of water, a pier with lights on, a phone booth with the aurora in the background, viewed from a boat."
WEB360_101250.mp4,"a snow covered field with a lone tree, trees in the background, and a sunset in the distance."
WEB360_101251.mp4,"a panoramic view of a snow covered field under a blue sky, the field includes trees and a full moon in the background."
WEB360_101252.mp4,"a snowy landscape with a snowboarder going down a hill, a river running through it covered in snow, with a green aurora light and a full moon in the background."
WEB360_101253.mp4,"a night scene with a snow-covered field and road, featuring a river, full moon, trees in the background, and under a green aurora light"
WEB360_101254.mp4,"a picture of a snowy field with a river running through it, the field is in a forest covered in snow, with trees and a full moon in the sky."
WEB360_101255.mp4,a green and black photo of the aurora bore over a river with trees and a snow covered field
WEB360_101256.mp4,"a green and black photo of a snowy landscape, including a river, snow covered rocks and trees, a field, and a road."
WEB360_101257.mp4,"a blurry photo of a snow covered field with trees under a green sky, the field including trees and a green light in the sky."
WEB360_101258.mp4,"a night scene of an aurora bore over a river with snow on the ground, the scene includes snow covered rocks, a stream and trees."
WEB360_101259.mp4,"a night scene of a snowy landscape including a river, trees and a forest."
WEB360_101260.mp4,"a night scene of a snowy landscape, featuring a frozen lake, trees, a stream running through a snow covered field, with the word 'airpano' visible."
WEB360_101261.mp4,"a view of the aurora over a snow covered field and a body of water, possibly the ocean, with a sky full of clouds and a landscape with the words airpano over it."
WEB360_101262.mp4,"a computer generated image of a green and blue aurora bore over the ocean, including a green sky with clouds and the words alive above it."
WEB360_101263.mp4,"a computer generated image of a green and purple aurora bore over the ocean at night, the sky being green, blue and black with the word airpano on it"
WEB360_101264.mp4,"a green and black photo of a landscape including a body of water, the ocean, and a beach under a blue and cloudy sky."
WEB360_101265.mp4,"a green and purple aurora over a body of water and in the sky, with the words 'aurora vr' and 'airpano' on it."
WEB360_101266.mp4,"an image of a green and purple aurora over a body of water and a snowy field, the sky including the words aurora vr and a green and black background with the words airpano."
WEB360_101267.mp4,"a night sky with a green and purple aurora bore over a snow covered field and a body of water, the ground displaying the words airpono"
WEB360_101268.mp4,a computer generated animated image of a green and purple aurora bore over a snow-covered landscape and a body of water
WEB360_101269.mp4,"a panoramic view of the ocean, including a city in the distance, a beach, and clouds as seen from a plane."
WEB360_101270.mp4,"a panoramic view of a city, the ocean, and a beach, with a mountain in the background, as seen from a plane."
WEB360_101271.mp4,"a panoramic and aerial view of a city, ocean, and beach, including tall buildings, as seen from a plane."
WEB360_101272.mp4,"a panoramic view of a city from a plane, the city with a mountain in the background and the ocean."
WEB360_101273.mp4,"an aerial panoramic view of a city with lots of cars, a mountain, and the ocean, as seen from a plane."
WEB360_101274.mp4,"an aerial view of a rainbow over the ocean, including a beach with a mountain in the background viewed from a plane."
WEB360_101275.mp4,"an aerial view of a cliff, green mountain range, and the ocean under a cloudy sky, as seen from a plane."
WEB360_101276.mp4,"an aerial view of a large body of water, possibly an ocean, with a bright sun in the background, surrounded by green mountains and a cliff."
WEB360_101277.mp4,a panoramic view of a mountain range with the sun shining brightly over the ocean.
WEB360_101278.mp4,"an aerial view of a lush green mountain landscape with a cloudy sky in the background, and a plane flying in the sky."
WEB360_101279.mp4,a panoramic and aerial view of a city with tall buildings at sunset.
WEB360_101280.mp4,"a group of people standing and walking outside and around a stone building, down a street next to a tall building."
WEB360_101281.mp4,"a large group of people standing in a building, the building containing a large clock, a painting on a wall, with a man standing in front of the painting."
WEB360_101282.mp4,a group of people standing around and walking down a street next to a church and other buildings.
WEB360_101283.mp4,a crowd of people standing and walking around a large stone building and plaza at night.
WEB360_101284.mp4,"a group of people standing in a library with a book shelf filled with lots of books, also seen in a room and sitting in a train station."
WEB360_101285.mp4,"a blurry photo of a man sitting in a library filled with lots of books, furniture, and tables, with people both sitting and standing next to a stone wall in an archway."
WEB360_101286.mp4,a panoramic view of a city from a plane with the sun setting over the horizon of a desert
WEB360_101287.mp4,a panoramic and aerial view of a city from a plane at sunset
WEB360_101288.mp4,"a group of people walking down a street next to a castle and a stone wall, including a woman and a panoramic scene of people walking up and down stairs."
WEB360_101289.mp4,"a 3D panoramic image of a city with a clock tower, a castle in the background, a brick patio, and a roof with a dome on top of it."
WEB360_101290.mp4,"a blurry photo of a narrow alleyway with a green door, with a woman and a man walking down it, next to a tall building."
WEB360_101291.mp4,a group of people walking down a street next to tall buildings and standing outside of a building
WEB360_101292.mp4,"a crowd of people walking down a narrow street next to tall buildings, including a group of people standing outside of a building, with a clock on the side of a building."
WEB360_101293.mp4,"a group of people walking down a street next to tall buildings, shops, and a building."
WEB360_101294.mp4,"a computer generated image of a group of people at night, walking down a cobblestone street and standing outside of a building."
WEB360_101295.mp4,a panoramic and aerial view of a city at sunset with lots of tall buildings
WEB360_101296.mp4,"a panoramic view of a small town by a large body of water, the town including a village on the shore, and the lake with mountains in the background."
WEB360_101297.mp4,"The output would be: a panoramic view of a town by the water during sunset, including a body of water with mountains in the background and a lake with boats in it."
WEB360_101298.mp4,"a large body of water with a small boat floating on it, a mountain in the background, and the sun shining over the water and mountains."
WEB360_101299.mp4,"an aerial view of a small island in the middle of a large body of water, the body of water featuring boats and a mountain in the background, with the sun setting over a lake."
WEB360_101300.mp4,"a group of people and a man standing on a sandy beach with a pier, a boat is docked on the shore and sitting on the water."
WEB360_101301.mp4,"a panoramic view of a lake with a long pier, a boat in the water, a building near the lake, a mountain in the background, and a man sitting on top of a bench next to the lake."
WEB360_101302.mp4,"an aerial view of a large body of water surrounded by mountains, including a boat dock on the lake with the sun shining over the water."
WEB360_101303.mp4,"an aerial and panoramic view of a large body of water, surrounded by mountains and including a castle."
WEB360_101304.mp4,"a view of a small island with a church on top, surrounded by a large body of water with houses on the shore, the scene is set against mountains with the sun shining over the water and mountains."
WEB360_101305.mp4,"a panoramic view of a city and a small town on a lake with a mountain in the background, the city and town both on the water."
WEB360_101306.mp4,"an aerial view of a small island with an airport, located in the middle of the ocean with mountains in the background, featuring a beach, a boat in the water and a body of water."
WEB360_101307.mp4,"an aerial and panoramic view of a small village by the ocean, the village includes a beach with houses on the shore, a body of water, and an island with beach and mountains in the background."
WEB360_101308.mp4,"a panoramic aerial view of a small island with a beach in the middle of the ocean, the island featuring houses, a house in the foreground, and boats in the water."
WEB360_101309.mp4,"a panoramic view of a city with a marina, boats, a town, a body of water, mountains, and a lake in the background."
WEB360_101310.mp4,"a large body of water with a lighthouse, a mountain in the background, a small boat floating on it, and the sun shining over the water and mountains."
WEB360_101311.mp4,"a panoramic view of a small town and a city by the ocean, the scene includes a large body of water with a cliff in the background, and a view of the ocean from a boat."
WEB360_101312.mp4,"a panoramic view of a city next to a body of water, the city and water including a boat in the distance."
WEB360_101313.mp4,"a panoramic view of a small town on the shore of a lake, the town including a body of water with mountains in the background, and an aerial view of a lake with a boat in the water."
WEB360_101314.mp4,"a panoramic 3D view of a small town next to a body of water, the scene includes mountains in the background and boats in the lake."
WEB360_101315.mp4,"a panoramic view of a small town by a large body of water, the scene includes a small island in the water and mountains in the background."
WEB360_101316.mp4,"a large, blurry photo of a body of water with a boat in a harbor, surrounded by mountains in the background."
WEB360_101317.mp4,"a computer generated image of a sunset over a large body of water surrounded by snow covered mountains, with a lake in the middle and an aerial view of the ocean with a mountain in the background."
WEB360_101318.mp4,"a computer-generated image of a snow-covered mountain range with a blue sky in the background, the sun setting over the ocean as seen from a plane and a large body of water in the aerial view."
WEB360_101319.mp4,"an aerial and bird's eye view of an island and a mountain in the middle of the ocean, with a computer-generated image of a boat in the ocean."
WEB360_101320.mp4,"an aerial view of a lush green mountain with a large body of water in the background, a bird flying over the hillside, and a small island in the middle of the ocean."
WEB360_101321.mp4,"an aerial and panoramic view of a tropical island in the ocean with a city, a house on top of a mountain and a body of water."
WEB360_101322.mp4,"an aerial view of a tropical island with a coastline, a large body of water, a cliff overlooking the ocean."
WEB360_101323.mp4,a panoramic and bird's eye view of a tropical island city surrounded by bodies of water and the ocean.
WEB360_101324.mp4,"a panoramic and aerial view of a city with tall buildings, mountains in the background and the ocean."
WEB360_101325.mp4,"a group of people sitting on steps and walking down a street with tall buildings, standing around a store, and a man standing next to a red wall."
WEB360_101326.mp4,"a panoramic view of a city with a stadium, mountains in the background, viewed from a plane, and a highway."
WEB360_101327.mp4,"a panoramic view of a city with mountains and a sky in the background, the city includes a train station."
WEB360_101328.mp4,a view of a long bridge over a large body of water with a boat in the distance.
WEB360_101329.mp4,"an aerial view from a plane of a city, a mountain, a beach and the ocean"
WEB360_101330.mp4,"a panoramic and aerial view of a city with the ocean and a lake, during the sunset."
WEB360_101331.mp4,"a group of people and a couple walking across and up a snow covered field and slope, with a man riding skis down the side of the slope"
WEB360_101332.mp4,"a group of people and a man skiing down a snow covered slope, with a snowboarder also going down the snowy mountain."
WEB360_101333.mp4,a person and a man doing tricks and riding skis and a snowboard down a snow covered slope.
WEB360_101334.mp4,"a group of people, including a man, riding snowboards and skis down a snow covered slope."
WEB360_101335.mp4,a snowboarder and a person riding skis are going down a snow covered hill.
WEB360_101336.mp4,"a person snowboarding and skiing down a snow covered slope, the person could be seen as a blurry image."
WEB360_101337.mp4,"a blurry image of a group of people, including a man, riding skis and a snowboard down a snow covered slope with an open door."
WEB360_101338.mp4,"a group of people, including a man, riding skis and a snowboard down a snow covered slope."
WEB360_101339.mp4,"a picture of the earth taken from space with a street sign, a clock tower and a street light in the dark."
WEB360_101340.mp4,"a picture of a space shuttle flying over the earth with a pink and purple background, including a view of the earth from space and a blurry image of a street light in the dark."
WEB360_101341.mp4,"a desert scene with a couple of people standing in front of a car and walking across the desert, with rocks, sand, and a mountain in the background, and a car driving through the desert."
WEB360_101342.mp4,"a computer generated panoramic image of a desert landscape at sunset, the desert including sand dunes"
WEB360_101343.mp4,"the night sky is reflected in the still water of a lake, the view includes a blurry photo of the sky and water."
WEB360_101344.mp4,The output is: the night sky filled with many stars above a desert.
WEB360_101345.mp4,"an aerial view of a desert scene, the desert including a rock formation, sand dunes, a mountain in the distance, rocks in the sand and a blue sky."
WEB360_101346.mp4,"a panoramic view of a desert landscape with a man riding a horse, a camel standing in the middle, and a couple of camels walking across a sandy field."
WEB360_101347.mp4,"a computer generated image of a desert landscape, the scene including a lone tree in the distance, a mountain in the background, and sand dunes under a blue sky."
WEB360_101348.mp4,a computer generated image of a night sky filled with stars above a desert
WEB360_101349.mp4,"a night sky filled with stars above a desert landscape, including a lot of sand."
WEB360_101350.mp4,"a 3D computer-generated image of a desert landscape, featuring a mountain in the background, a group of parked cars, and the word 'airpano'."
WEB360_101351.mp4,"a computer generated image of a desert landscape, the desert including a lake surrounded by sand dunes and a tree in the middle of it"
WEB360_101352.mp4,"a panoramic view of a desert scene with a person walking, footprints in the sand, sand dunes, clouds, and a mountain in the distance."
WEB360_101353.mp4,"a panoramic view of a desert landscape featuring a rock outcropping, sand dunes, and a sunset."
WEB360_101354.mp4,a desert scene with sand dunes under the shining sun and a blue sky in the background
WEB360_101355.mp4,"a computer generated, blurry image of a desert landscape, including sand dunes, a sky background and a road."
WEB360_101356.mp4,"a picture of a desert with a rock wall, a dirt road where a person is riding a motorcycle and a truck is driving next to a mountain."
WEB360_101357.mp4,"a desert scene with a rock formation in the foreground, including sand dunes, presented as a panoramic and blurry photo."
WEB360_101358.mp4,"a group of people riding camels and standing on a sandy beach, with a person taking their picture and a man walking under a blue sky in the desert."
WEB360_101359.mp4,a group of people and a man sitting and kneeling down on a sandy desert beach with footprints in the sand.
WEB360_101360.mp4,"a group of people on a sandy beach in a desert scene with rocks and sand, some riding, some standing, and one person flying a kite."
WEB360_101361.mp4,"an aerial panoramic view of a city next to a large body of water, the city has a large building, a park, and a river running through it."
WEB360_101362.mp4,"a panoramic view of a city with a large body of water under a blue sky, including a bridge in the background."
WEB360_101363.mp4,"a view of a large body of water at sunset, with a train traveling through a station next to tall buildings, and a person sitting on a boat in the water."
WEB360_101364.mp4,"a beautiful panorama of a park with buildings, a fence, and a lot of red flowers in the foreground"
WEB360_101365.mp4,"a panoramic and aerial view of a park with trees, grass, a beach, a body of water, and a river."
WEB360_101366.mp4,a panoramic and aerial view of a city with a river and a lake running through it.
WEB360_101367.mp4,"a black and white photo of a sign that says Sakin Island, with a black background and a white block in the middle, and the words sand and sand."
WEB360_101368.mp4,"an aerial view of a lighthouse, cliffs and a bird flying over a large body of water in the middle of the ocean on a foggy day."
WEB360_101369.mp4,"a view of a large body of ocean water from inside a building, the ocean including a small island in the middle of it, a boat, and a fish eye view."
WEB360_101370.mp4,"an aerial view of the sky and clouds from a plane, including a view of the blue sky"
WEB360_101371.mp4,"a view of the sky and clouds from a plane, the view including a blurry depiction of the blue sky and clouds."
WEB360_101372.mp4,"an aerial panoramic view of a lush green location encompassing a lake surrounded by mountains, a forest, and a valley."
WEB360_101373.mp4,"an aerial and panoramic view of an island with a beach, a green mountain, and surrounded by a body of water, located in the middle of the ocean."
WEB360_101374.mp4,"an aerial view of a small island in the middle of a large body of water, the view including a boat in the distance."
WEB360_101375.mp4,"a panoramic view of the sun setting over the ocean, land and grassy hills, with a body of water in the background."
WEB360_101376.mp4,"a view of the sky from an airplane, the sun is shining above the clouds, a plane is flying high in the sky."
WEB360_101377.mp4,"an aerial and panoramic view of a golf course in the middle of nowhere, the scene includes a green field with a sign in it under a blue sky."
WEB360_101378.mp4,"an aerial view of a green, grassy mountain range with the top of a mountain and the ocean in the background."
WEB360_101379.mp4,"a panoramic and aerial view of a city with a town, buildings, and a clock tower"
WEB360_101380.mp4,"an aerial view of the Golden Gate Bridge at sunset, including the sun setting over a body of water, a beach, and the ocean."
WEB360_101381.mp4,"an aerial and panoramic view of the Golden Gate Bridge over a large body of water with boats, including an ocean and a distant city."
WEB360_101382.mp4,a panoramic aerial view of a city at night with a large body of water and a bridge in the background
WEB360_101383.mp4,"a view of a city at night, including a panoramic and aerial perspective, seen from the top of a building."
WEB360_101384.mp4,"a panoramic view of a city at sunset with an ocean, including a bridge over a body of water."
WEB360_101385.mp4,"a panoramic and aerial view of a city and the ocean at sunset, including a bridge, as seen from a plane."
WEB360_101386.mp4,"an aerial view of a small island in the middle of a large body of water at sunset, the view including a blurry scene and the sun setting over the water."
WEB360_101387.mp4,"an aerial and panoramic view of a city by the ocean, with a cliff overlooking the body of water during sunset, the view is slightly blurry."
WEB360_101388.mp4,"The output is: a panoramic view of a village and town on the edge of a cliff during sunset, with a nearby body of water and a mountain in the background."
WEB360_101389.mp4,"a panoramic view of a town by the ocean, set in a desert, during sunset, standing on a cliff overlooking a body of water."
WEB360_101390.mp4,"a blurry picture of a sunset over the ocean, the scene including a street with buildings, the sun setting over the water and buildings, a brick wall and a building."
WEB360_101391.mp4,"the sun is setting over a scene with water, buildings, a house with a blue door and a plant outside, a white building with a blue door and stairs, and a street with a sign that says airpano via production."
WEB360_101392.mp4,"a computer generated image of a city by the ocean during sunset, the city includes a white building and offers a panoramic view."
WEB360_101393.mp4,"The output is: a panoramic view of a white building with a windmill on its side, overlooking the ocean and a street, with a blue sky in the background. This is a computer-generated image."
WEB360_101394.mp4,"a couple of boats, including a computer generated image of one, floating on top of the ocean, with a view from a boat and a boat traveling next to a cliff."
WEB360_101395.mp4,"a panoramic view of a cliff overlooking a village in the desert, a body of water, and the ocean with the sun in the background."
WEB360_101396.mp4,"a panoramic view of a town by the water with a house on top of a hill, which is near a village by the ocean, and the sun is setting over the body of water."
WEB360_101397.mp4,"a 3D panoramic image of a city next to the ocean with a street, a building, and a car parked in front of it, under the shining sun."
WEB360_101398.mp4,"a picture of a blue domed building on a cliff and a red and white building with a sign that says airpano, both overlooking a sun shining over a snow covered hillside and the ocean."
WEB360_101399.mp4,"a panoramic view of a town and city on a cliff overlooking a large body of water, the scene includes a bright sun, an island and the ocean."
WEB360_101400.mp4,"a panoramic picture of a white building with blue domes, doors, and windows, overlooking the ocean, the building also has a blue door and stairs."
WEB360_101401.mp4,"a blurry photo of a white building with a blue dome, a window, and a door, taken from the top of a hill with a view of the sun shining over the ocean."
WEB360_101402.mp4,"a panoramic view of a city on the edge of a cliff under a bright sun, the city overlooking a large body of water, with a distant view of an island."
WEB360_101403.mp4,"a panoramic and aerial view of a city and a village on a cliff overlooking a large body of water, which is the ocean, with a bright sun in the background."
WEB360_101404.mp4,"a 3D image of a village at sunset with a small white building, a white church on a cliff overlooking the ocean, under a blue sky."
WEB360_101405.mp4,"a panoramic view of a town on a hill during sunset, the scene includes a view of a city, a water body, and a building with a sign that says airpano."
WEB360_101406.mp4,"a panoramic view of a city and large body of water, including the ocean, from a high point or the roof of a white building with a white roof and door."
WEB360_101407.mp4,"a panoramic view of a desert at sunset, the desert including a lot of buildings, a large body of water, with the sun setting over the water."
WEB360_101408.mp4,"an aerial view of a large field with a body of water, the field also includes a road in the distance."
WEB360_101409.mp4,"an aerial view of a small town on top of a hill by the water, the town including a building, a house overlooking the ocean, and a beach."
WEB360_101410.mp4,"an aerial panoramic view of an old church on a grassy hill overlooking a body of water, the hill also having a panoramic view of the ocean in the distance."
WEB360_101411.mp4,"a picture of an old church in the middle of a field with a view of the ocean from the top of a hill, a person walking on a path next to a body of water, and an aerial view of the ocean and land."
WEB360_101412.mp4,"a digital painting of a room with a church, flowers in the foreground, two men standing in front of a fireplace, rugs, candles, and a group of people standing in a hallway."
WEB360_101413.mp4,"a panoramic view of a beach from the shore of the ocean with people on it, houses in the background, and an empty lot with a sign that says apanoo."
WEB360_101414.mp4,"an aerial view of a large body of water with a sky background, on which a small boat is floating."
WEB360_101415.mp4,"an aerial view of a beach with a herd of cattle grazing, a large open field, a body of water, and a lake with land."
WEB360_101416.mp4,"a panoramic and aerial view of a beach, a body of water and a wide open field."
WEB360_101417.mp4,"an aerial view of a large open field, a beach and a large body of water."
WEB360_101418.mp4,"a man in a wet suit is diving in the ocean, the scene including a shark, a person with a camera, and a boat."
WEB360_101419.mp4,"a group of people, including a man kneeling down to take a picture and a person standing on a surfboard in the ocean, interacting with a group of sharks, some people are in scuba gear, all are surrounded by the ocean."
WEB360_101420.mp4,"a man in a wet suit standing on a sandy beach and in the ocean under a blue sky, with a shark and a boat in the ocean."
WEB360_101421.mp4,"a large group of fish, including sharks and a scuba diver, swimming in the ocean over a sandy floor."
WEB360_101422.mp4,"a train traveling down train tracks next to a train station and a tall building, with a large empty room with a lot of windows nearby."
WEB360_101423.mp4,mans standing on a train station next to a white train
WEB360_101424.mp4,"a white train traveling down train tracks next to tall buildings and a train station, with a sign that says airpano in an empty room."
WEB360_101425.mp4,"a view from an airplane window, showing a city, the interior of the airplane with blue seats, a close up of a chair in a room, and a blurry photo of the inside of a train."
WEB360_101426.mp4,"a blurry photo of the inside of a train and an airplane with people and a man sitting, both having blue seats and windows."
WEB360_101427.mp4,"an underwater photo of a ship wreck in the ocean, with a plane flying in the sky above and a person swimming, featuring an airpano logo above them."
WEB360_101428.mp4,"a blurry black and white photo of a plane flying in the sky with a boat in the water, and the words 'airpano' on it."
WEB360_101429.mp4,"a view of the ocean with a boat on the water carrying a person, a couple of people swimming, and an underwater view of the boat, all against a blue background with an airpano logo."
WEB360_101430.mp4,"a computer generated image of a group of people standing in an underwater building in a dark room, with a close up of a blue sky with clouds."
WEB360_101431.mp4,"an underwater view of a deep blue sea, featuring a coral reef, a tree, and a shipwreck"
WEB360_101432.mp4,"an underwater view of a person in a wet suit diving in the ocean, which includes a ship, a boat, and a body of water."
WEB360_101433.mp4,"an underwater view of a couple of people and a scuba diver swimming near a coral reef with a light on their head, and a bright light in the background."
WEB360_101434.mp4,"an underwater scene with a large group of fish swimming over a coral reef and a boat, with the words airpano on it."
WEB360_101435.mp4,"an underwater view in the ocean with a man scuba diving near a large tree, a coral reef, a ship, and a couple of people swimming."
WEB360_101436.mp4,"a blurry underwater photo of a person standing in front of a wall in the ocean, with a boat, a couple of people in scuba gear in the water and the words airpano over it."
WEB360_101437.mp4,"an underwater view of a deep blue sea, including a submarine, a blurry photo of a person in a wet suit, and a man swimming."
WEB360_101438.mp4,"an underwater scene of a ship wreck with a tree in the middle, under a blue sky with some clouds"
WEB360_101439.mp4,"a large group of fish swimming over a coral reef in the blue ocean, with a person and a man in a wet suit scuba diving near a boat."
WEB360_101440.mp4,"an underwater photo of a man swimming near a boat wreck in the ocean, with a large group of fish and a ship in the vicinity."
WEB360_101441.mp4,"an underwater photo of the ocean, including a sea urchin, a large fish swimming over a sandy bottom, a ship, and the words airpano on it."
WEB360_101442.mp4,"an underwater view of a large turtle swimming over a coral reef, near a rock wall and a ship wreck, with a person in a scuba suit diving in the ocean."
WEB360_101443.mp4,"a 3D image of a beach with clear blue water, palm trees, a boat in the distance, a house and a pier in the background."
WEB360_101444.mp4,"a blurry photo of a beach with people and a boat in the water, a hut and trees in the background, and a sign that says airpano"
WEB360_101445.mp4,"a person swimming in the clear blue water, with a view of a beach from the water and a blurry body of water, all in a picture of a beach with clear blue water."
WEB360_101446.mp4,"a panoramic view of a beach with a house, a bed sitting on top of the sand, palm trees and two lounge chairs."
WEB360_101447.mp4,"a panoramic 3D image of a sandy beach with palm trees, lounge chairs and a blue sky, including the shadow of a palm tree and the view of the ocean"
WEB360_101448.mp4,"a panoramic view of a beach at sunset, including a body of water, a house in the background, and a view from the water."
WEB360_101449.mp4,"a scene featuring a man in a leopard print outfit riding on a bus, a woman in a helmet and goggles standing in front of a wall, a group of people standing inside of a plane, and a close-up of a pair of headlights on a vehicle."
WEB360_101450.mp4,"The output would be: a group of people and a man, some standing, some sitting and one riding skis on top of a snow covered slope, with a man getting off a helicopter in the snow."
WEB360_101451.mp4,"a group of people, including a man and a snowboarder, standing on top of a snow-covered slope"
WEB360_101452.mp4,a person and a man are skiing and snowboarding down a snow covered mountain slope.
WEB360_101453.mp4,"a person on a snowboard and a man on skis in the snow, both on a snow covered mountain, one is flying through the air while the other is riding down the side of the slope."
WEB360_101454.mp4,a man in a red jacket flying through the air while riding a snowboard and skiing down a snow-covered mountain slope.
WEB360_101455.mp4,a person skiing and a man snowboarding down the side of a snow covered mountain slope.
WEB360_101456.mp4,"a group of people standing on top of a snow covered slope, including a person skiing down the mountain and another person taking a picture of the mountains."
WEB360_101457.mp4,a view of a man in a red jacket snowboarding down a snow-covered mountain from a ski slope
WEB360_101458.mp4,"a group of people standing on top of a snow covered slope with a helicopter flying over it, an airplane with a picture of an eagle on the side of it is also present."
WEB360_101459.mp4,"an aerial view of a snow covered landscape at sunset, the landscape includes fields with lots of trees in the distance."
WEB360_101460.mp4,"a very large amount of snow covered ground at sunset, the scene including snow covered trees, a field, and trees in the foreground."
WEB360_101461.mp4,"a person and a man riding skis down a snow covered slope, with a view of a path through a snow covered forest filled with lots of trees."
WEB360_101462.mp4,"a large amount of snow covered ground and field with a sky background, the sun is setting over this snowy landscape."
WEB360_101463.mp4,an aerial and panoramic view of a snow covered forest
WEB360_101464.mp4,"an aerial view of a snow-covered area, including a castle, a village and two towns"
WEB360_101465.mp4,"an aerial view of a castle with a walkway leading to it, a marina with boats in the water, a river with a bridge and a green field."
WEB360_101466.mp4,"a panoramic view of a town with buildings having a red and a green roof, and a body of water"
WEB360_101467.mp4,"a snow covered landscape with the sun shining over it, featuring a building, a sky background, and an aerial view of the field in the distance."
WEB360_101468.mp4,"an aerial view of a large body of water, specifically a lake at sunset, surrounded by land in the middle of a field."
WEB360_101469.mp4,"an aerial and panoramic view of a forest with a church, a house, and a lake, all under a blue sky."
WEB360_101470.mp4,"The output is: a panoramic view of a large body of water, presumably a lake, with a sky background and a city nearby, featuring a small island in the middle."
WEB360_101471.mp4,"an aerial view of a snow-covered city, the city includes a field, a town, and a building."
WEB360_101472.mp4,"an aerial and panoramic view of a city and a small town near a lake and the ocean, with a river running through the city, and a harbor with boats."
WEB360_101473.mp4,"a computer generated image of a snow covered town, including fields with boats and buildings in the distance, and an aerial view of the town."
WEB360_101474.mp4,"an aerial panoramic view of a large city in India, the city includes a building, a green field and seen from a plane."
WEB360_101475.mp4,"an aerial view of a large area including a building with a green lawn, a park with a lot of trees and people, and a garden with people walking around."
WEB360_101476.mp4,"an aerial or bird's eye view of a park with a lot of trees and a large white building, with a bird flying over it and a green field in the background."
WEB360_101477.mp4,"a blurry photo of a man standing in a field with a building in the middle, a clock tower and a tall tower in the background, and a man riding a skateboard next to the building."
WEB360_101478.mp4,a picture of a group of people sitting and a person walking in front of a red building with a tiled entrance.
WEB360_101479.mp4,a group of people standing in a building with a room that has a clock on the wall.
WEB360_101480.mp4,"a large red room with a checkered floor, walls, a door and a shelf, leading to a white building with a clock tower in the background, and an airpano logo on the wall"
WEB360_101481.mp4,"an aerial view of a white building with two towers in India, the building is next to a large body of water."
WEB360_101482.mp4,"an aerial view of a large white building with a sky background, featuring a very tall tower with a clock on top of it, next to a large body of water."
WEB360_101483.mp4,"an aerial view of a city with a building, a river, a park and lots of trees"
WEB360_101484.mp4,"an aerial panoramic view of a city with a large dome building, a green field with trees and a body of water."
WEB360_101485.mp4,"an aerial view of a large body of water next to a park with a tall tower, buildings and a river in the background"
WEB360_101486.mp4,"an aerial and panoramic view of a city near a large body of water, the city including a large building, a river and land, viewed from a plane"
WEB360_101487.mp4,"a picture of the Tajwa mosque in India, with a group of people walking down a brick walkway and a street next to a tall building, and a large building with a clock on it."
WEB360_101488.mp4,"an aerial view of the Tajwam in India, with a large garden and a park, including many trees and people walking around."
WEB360_101489.mp4,a crowd of people standing around a swimming pool in front of a white building
WEB360_101490.mp4,a group of people standing in front of a white building.
WEB360_101491.mp4,"an aerial view of a large field with a white building featuring many pillars, a park with a clock tower, and a garden, all under a sky background."
WEB360_101492.mp4,"a picture of a large white and brick building with many pillars and a clock tower, with groups of people sitting on the ground in front and standing on a sandy beach."
WEB360_101493.mp4,"a view of the Tajwa from the entrance of a building, including a person standing in a doorway, a group of people standing outside, and an animated entrance."
WEB360_101494.mp4,"a large room with a checkered floor, red walls and a clock on the wall, leading to an archway with a white building and a clock tower in the background, with an airpano logo on a wall."
WEB360_101495.mp4,"a panoramic aerial view of a city with a building and a river, including a lake in the background and land, as seen from a plane."
WEB360_101496.mp4,"a group of people standing in front of a clock tower building, with a tall tower and a lush green field next to a large body of water in the background."
WEB360_101497.mp4,"a group of people standing in front of a building with a stone walkway and a roof, a man in a red shirt is running."
WEB360_101498.mp4,a group of people standing inside a building with a window and a tiled floor.
WEB360_101499.mp4,"an aerial and panoramic view of a city with lots of trees and buildings, including a building with a river in the background."
WEB360_101500.mp4,"a panoramic aerial view of a park with a large domed building, a clock tower in the distance, a person flying a kite over a body of water"
WEB360_101501.mp4,a group of hot air balloons flying over a rural area in the sky.
WEB360_101502.mp4,"a couple of people standing in a tunnel, with a large, multicolored hot air balloon flying through the sky, and a person standing in front of a colorful hot air balloon."
WEB360_101503.mp4,"a group of hot air balloons, filled with lots of people, flying over a dirt field with trees in the background, one of which is being inflated"
WEB360_101504.mp4,"a group of hot air balloons flying over a city at sunset, the city viewed aerially."
WEB360_101505.mp4,a group of hot air balloons flying over a desert and in the sky.
WEB360_101506.mp4,a group of hot air balloons flying in the sky over a mountain
WEB360_101507.mp4,"a group of hot air balloons flying over a field and a mountain at sunset, with a balloon being lifted by two people"
WEB360_101508.mp4,"a panorama of a desert with a pyramid, a dirt field with trees and a dry grass field, a car driving down a dirt road, and a 3d image of a dirt road next to a forest."
WEB360_101509.mp4,a group of people riding on top of hot air balloons flying over a city at sunset.
WEB360_101510.mp4,"a panoramic view of a hot air balloon flying over a rural area with a city, a mountain, a desert town and a dirt field with trees."
WEB360_101511.mp4,"a 3d image of a person walking along an old brick wall with the words airpano on it, the wall is part of a stone structure with a sky background, near a river running through a rocky area."
WEB360_101512.mp4,"an aerial view of a city with a hot air balloon in the sky, the city having a mountain in the background and a group of hot air balloons flying. The hot air balloon has two people inside of it."
WEB360_101513.mp4,a large group of penguins standing on top of a beach and a snow covered hill.
WEB360_101514.mp4,"a blurry photo of a large group of people standing on a snow covered slope at night, with a plane flying over a body of water and a full view of a mountain."
WEB360_101515.mp4,"an aerial view of a tropical island named Indonesia, Wayag, surrounded by ocean, featuring a body of water, a sailboat and land."
WEB360_101516.mp4,"an aerial view of a tropical jungle with a body of water, the jungle including palm trees, a house, and a boat sitting in the water"
WEB360_101517.mp4,"an aerial and panoramic view of a canyon in the mountains at sunset, the canyon including a cliff, a rocky area with trees, and a field."
WEB360_101518.mp4,"a panoramic view of a canyon in the mountains and the grand canyon, including cliffs in the desert."
WEB360_101519.mp4,"an aerial view of New York City at night, including the Empire State Building, transitioning into dusk."
WEB360_101520.mp4,"an aerial and panoramic view of a city with tall buildings, boats in the water, and a river running through it."
WEB360_101521.mp4,a blurry photo of a bird and helicopters flying in a cloudy sky with a view of a volcano.
WEB360_101522.mp4,"a large plume of smoke coming out of the ocean at sunset, with an aerial view of a frozen lake, a helicopter flying over a mountain, and a red and blue helicopter flying through the sky."
WEB360_101523.mp4,"a 3D image of a bear wading in a river running through a forest, with another bear and trees in the background."
WEB360_101524.mp4,"a panoramic view of a dog swimming in a lake with a boat, the lake has mountains and a computer-generated image of a mountain in the background."
WEB360_101525.mp4,"a picture of Victoria Falls, featuring a waterfall with a rainbow, a mountain, a cliff with trees on top, and a river running through a canyon."
WEB360_101526.mp4,"an aerial view from a helicopter of a waterfall in the middle of a field, surrounded by land with trees and a body of water."
WEB360_101527.mp4,"a picture of a city at night with a man standing in front of a tennis court and a pier, both having the words polar lights on them."
WEB360_101528.mp4,"a panoramic view of a desert at sunset with sand dunes, and clouds in the sky"
WEB360_101529.mp4,"a picture of an airplane flying over the great barrier reef, the ocean and the beach."
WEB360_101530.mp4,"a view of a city next to the ocean from a high point of view, the city includes a group of buildings on a cliff and a small island in the middle of the ocean"
WEB360_101531.mp4,"a panoramic and aerial view of a city from the top of a skyscraper, the city having a river running through it and tall buildings."
WEB360_101532.mp4,"a large indoor swimming pool in a building, the building being a mall with groups of people walking around and standing around the pool."
WEB360_101533.mp4,"a group of people standing on a stage in a large auditorium, with a crowd of people sitting in the theater, and a blurry photo of the crowd at a concert."
WEB360_101534.mp4,an aerial view of a city and an airport at night.
WEB360_101535.mp4,"a group of people on a boat in the ocean, standing both on top and at the back of the boat."
WEB360_101536.mp4,"a large white boat in the middle of the ocean with a sky background, sitting under a cloudy sky, and words on the water surface."
WEB360_101537.mp4,"a view of a group of people standing on the bow of a boat in the water, with a fish eye perspective of the boat in the ocean."
WEB360_101538.mp4,"an animated picture of a group of people riding on a small boat, floating on top of an ocean under a cloudy sky, with an iceberg nearby."
WEB360_101539.mp4,"a scene of a body of water, including a man riding a surfboard, a person in a kayak, many floating icebergs, and a group of people on inflatable rafts."
WEB360_101540.mp4,"a computer generated image of a group of people, including a man standing on top of a rock and another with a camera, in a field that extends to a sandy beach."
WEB360_101541.mp4,"a computer generated picture of an ocean scene, including an iceberg, a ship, a body of water with a sky in the background and a person in the water."
WEB360_101542.mp4,"a boat traveling across a large body of water surrounded by snow covered mountains, with a ship docked in the water with flags on it."
WEB360_101543.mp4,"a picture of a snow covered hill with a snowboarder doing a trick in the air, a couple of people walking across the slope, a person on skis, and a lake in the background."
WEB360_101544.mp4,"a couple of people riding on a large boat floating on a large body of water, the water surrounded by snow covered mountains and a large iceberg."
WEB360_101545.mp4,"a group of people standing on the bow of a boat floating on a large body of water, with a small island, mountains, and a sky in the background."
WEB360_101546.mp4,"a group of people standing on top of a sandy beach, with some people walking across a snow covered field."
WEB360_101547.mp4,"a fish eye view of a rocky beach area with a group of people and a man standing on top, near a body of water, with a mountain in the background."
WEB360_101548.mp4,"a man standing on top of a snow covered field, with a picture of a mountain with a quote on it, a group of people on a sandy beach and a snow covered slope."
WEB360_101549.mp4,"a group of people and a man sitting and standing, riding on the back of a boat in the ocean."
WEB360_101550.mp4,an aerial view of a small village in a rural area on a hill in the mountains.
WEB360_101551.mp4,"an aerial view of a rural area including a beach with boats in the water, a parking lot, a road with parked cars, and a blurry photo of a mountain with trees."
WEB360_101552.mp4,"a blurry photo of a monk in a red robe walking up the steps of a building with a sign that says airpano vr production, a man riding a skateboard down a stone walkway nearby, set against the backdrop of a house in the mountains."
WEB360_101553.mp4,"a virtual view of a person standing in front of a house in the middle of a cobblestone road, with a group of people standing on a stone walkway and walking across the road."
WEB360_101554.mp4,"a blurry photo of a person sitting on a bench in a park with a lush green hillside, a bird flying over, viewed from inside a building with a virtual view of another person walking on a path."
WEB360_101555.mp4,"a digital painting of a person standing and another person sitting in a room with a fire hydrant, a door, a toilet and a wooden floor."
WEB360_101556.mp4,"a room filled with lots of tables covered in orange cloths and desks, with groups of people sitting next to each other and at the tables."
WEB360_101557.mp4,"a blurry image of a group of people walking around a train station with a white building and a platform, a person riding a bike, and a statue of a horse on top of a pillar."
WEB360_101558.mp4,"a 3D image of a town, featuring a white building and a clock tower, with people walking around and down the street, and a fountain in front of the building."
WEB360_101559.mp4,an aerial view of a brown horse grazing on a lush green hillside with a grassy field and mountains in the background
WEB360_101560.mp4,"a blurry photo of a white house sitting on top of a pile of rocks by a bridge over a body of water, the water body including a river with rocks and trees."
WEB360_101561.mp4,"The output would be: a bird's eye view of a rural area with a house in a field, a village in the mountains, and a farm, all with mountains in the background."
WEB360_101562.mp4,"a group of people, including monks, standing in front of and outside a building, with a virtual view of a courtyard where people are walking around."
WEB360_101563.mp4,"a computer generated and blurry photo of a courtyard with a building, a group of people standing outside and a lot of red objects in front of the building, along with a dog in the foreground."
WEB360_101564.mp4,"a group of people sitting and standing in a room with yellow walls, a red chair and bunch of shelves on the benches."
WEB360_101565.mp4,"a large room with a colorfully decorated table, monks and other people sitting on the floor, and people sitting on top of a bed."
WEB360_101566.mp4,"a group of people standing in a room filled with lots of wooden furniture, in front of a painting, with a green sign hanging from the side of a building."
WEB360_101567.mp4,"a blurry photo of a group of people including a man with a broom, sitting in a room with a wooden floor, a large window and a red carpet."
WEB360_101568.mp4,"a bird's eye view of a village in the mountains, including a field with a fence, a field with mountains in the background, and a farm with mountains in the background."
WEB360_101569.mp4,"a scene featuring a cliff with a house on top, a group of people sitting on a bench on a hill, a red bridge over a river next to a mountain, and a couple of people standing next to a red fence."
WEB360_101570.mp4,"a blurry aerial view of a mountainous landscape, including trees, hills, a winding road, and a parking lot in the distance."
WEB360_101571.mp4,"a panoramic and aerial view of a lake and a river with people standing on a beach, surrounded by trees and mountains in the distance."
WEB360_101572.mp4,"a blurry photo of a person riding a surfboard on a lake, the lake surrounded by mountains"
WEB360_101573.mp4,"a 3D computer-generated image of a body of water, featuring a lake with a mountain in the distance, trees in the background, a view from a boat, and a bear swimming at the beach."
WEB360_101574.mp4,"a panoramic view of a body of water, including a lake, a beach, a river running through a lush green forest and trees."
WEB360_101575.mp4,"a panoramic and fish eye view of a beach with people on it, a body of water with mountains in the background, a river with animals in it."
WEB360_101576.mp4,"a panoramic view of a large body of water, possibly a lake, sitting under a cloudy blue sky, with mountains and a beach in the background."
WEB360_101577.mp4,"a panoramic view of a lake and a beach, with a group of animals swimming, mountains in the background, and a blurry photo of a building in the distance."
WEB360_101578.mp4,"a fish-eye and wide angle view of a river with trees, dead trees and water, including a blurry photo of a dog running in it."
WEB360_101579.mp4,a panoramic view of a large beach and a body of water surrounded by mountains
WEB360_101580.mp4,"a panoramic and aerial view of a lake and a beach with a small house on the shore, mountains in the background and a body of water"
WEB360_101581.mp4,"a panoramic view of a beach with a dog wading in the water, people standing by a river next to a forest, and a lake with a mountain in the background"
WEB360_101582.mp4,"a computer generated image of a person walking on the shore of a lake with a mountain in the distance, a beach, a body of water and a river running through a green field"
WEB360_101583.mp4,a large group of fish swimming over a coral reef in the ocean
WEB360_101584.mp4,a large group of fish swimming in the ocean over a coral reef
WEB360_101585.mp4,an underwater view of a coral reef in the ocean with fish swimming over it
WEB360_101586.mp4,an underwater view of a person swimming over a coral reef in the ocean with fish
WEB360_101587.mp4,"an underwater view of a large body of water with a boat, a sandy beach and a person swimming."
WEB360_101588.mp4,"an underwater view of a sandy beach with a large body of water, a man swimming in the ocean with a surfboard and an airpano logo above him."
WEB360_101589.mp4,an underwater view of a large group of fish swimming in the ocean
WEB360_101590.mp4,an underwater photo of a group of fish and a large brown and white animal swimming in a blue ocean with a boat in the water.
WEB360_101591.mp4,"a helicopter with a person in the cockpit, flying through the sky over a snow-covered mountain, with a view of the mountain also seen from a plane."
WEB360_101592.mp4,"a snow covered mountain with a plane flying over it, the mountain is set against a blue sky, the scene is a computer generated image."
WEB360_101593.mp4,"a snow covered mountain under a cloudy blue sky, the view includes the top of the mountain and an aerial view of a snowy mountain range."
WEB360_101594.mp4,"a panoramic view from the top of a snow-covered mountain under a cloudy blue sky, the view also includes an aerial view of a snowy mountain range."
WEB360_101595.mp4,a panoramic view of a snow covered mountain under a cloudy blue sky
WEB360_101596.mp4,"an aerial view of a snow covered mountain under a cloudy blue sky, including the top of the mountain, as seen from a plane."
WEB360_101597.mp4,"an aerial view of a snow covered mountain under a cloudy sky, with a snowboarder doing a trick on it."
WEB360_101598.mp4,an aerial view of a snow covered mountain with a sky background
WEB360_101599.mp4,"a view of a snow covered mountain range under a cloudy sky, the scene includes a person skiing and an aerial view from a plane."
WEB360_101600.mp4,"a snow covered mountain under a cloudy blue sky with a man flying through the air while riding a snowboard, as seen from an aerial view."
WEB360_101601.mp4,an aerial view of a snow covered mountain under a cloudy sky
WEB360_101602.mp4,"a snow covered mountain under a cloudy blue sky, including the top of the mountain."
WEB360_101603.mp4,a snow covered mountain under a cloudy blue sky.
WEB360_101604.mp4,a snow covered mountain under a cloudy blue sky with a sky background.
WEB360_101605.mp4,a computer generated and aerial view of a snow covered mountain under a cloudy blue sky.
WEB360_101606.mp4,a panoramic and aerial view of a snow covered mountain range under a cloudy blue sky
WEB360_101607.mp4,"an aerial view of a city, captured at different times including night and sunset."
WEB360_101608.mp4,a panoramic and aerial view of a city at night.
WEB360_101609.mp4,a man and a woman kneeling down near a herd of cattle including a cow and a bull with long horns standing on a dirt field.
WEB360_101610.mp4,"a group of people and a man walking down a dirt road in a village with a thatched roof, the village situated in a desert with a wooden fence."
WEB360_101611.mp4,"a large group of people walking and standing on a dirt road and field, with a blurry sighting of a dog also on the road."
WEB360_101612.mp4,"a painting of a rocky area with a waterfall, a cliff face, a mountain in the background, and clouds in the sky."
WEB360_101613.mp4,"a 3D panoramic image of a man riding a kayak in the middle of a lake, the lake surrounded by trees, with a river in the background."
WEB360_101614.mp4,"a view of a yellow boat floating on a body of water, possibly a lake, with trees in the background. The boat has a group of people riding on it."
WEB360_101615.mp4,"a 3D view of a river with rocks and trees in the background, a group of people riding on a yellow boat, a man riding another boat, and the view is from a kayak."
WEB360_101616.mp4,"a 3D image of a man riding a boat in the middle of a river with a yellow kayak, surrounded by rocks and trees."
WEB360_101617.mp4,an aerial view of a lush green forest and hillside with a large waterfall in the middle.
WEB360_101618.mp4,"a large waterfall with a small waterfall in the middle, surrounded by a lush green forest, and a 3d image of a dirt road going up a hill."
WEB360_101619.mp4,"a computer generated image of a waterfall with a rainbow, located in a mountain range, with an aerial view of the mountain side and the ocean, featuring clouds in the sky and the words, airpano vr production."
WEB360_101620.mp4,"an aerial and panoramic view of a rocky cliff with trees, a sky background, and the ocean and land."
WEB360_101621.mp4,"an aerial and panoramic view of a green landscape featuring a rocky cliff with trees growing on it, a green field, a mountain in the background and a blue sky."
WEB360_101622.mp4,"an aerial and panoramic view of a cliff in the middle of the ocean and a field, including a mountain with a sky background."
WEB360_101623.mp4,"a panoramic and aerial view of a lush green valley featuring a green mountain, a cliff with green grass, and a mountain with a sky background."
WEB360_101624.mp4,"a blurry photo of an aerial view of a lush green valley with a mountain in the background, a cliff in the middle of a forest, and mountains in the valley."
WEB360_101625.mp4,"an aerial and bird's eye view of a waterfall in the middle of a green valley, located on a mountain with a cliff on a foggy day, near a large body of water."
WEB360_101626.mp4,"a panoramic and aerial view of a rocky cliff with a river running through it, including a rock outcropping, a body of water in the background and a rocky landscape."
WEB360_101627.mp4,"a blurry 3D photo of a panoramic view overlooking a body of water, including a cliff face, a waterfall in the mountains."
WEB360_101628.mp4,"a large waterfall cascading down a cliff on top of a mountain, with a man standing on top, amidst a large amount of clouds in the sky with the words airpano."
WEB360_101629.mp4,"a blurry photo of a waterfall with a cliff face and a mountain in the background, also includes an aerial view of an ocean with clouds in the sky."
WEB360_101630.mp4,an aerial view of a long boat traveling down a river running through a lush green forest
WEB360_101631.mp4,"an aerial view of a large body of water, the ocean, with a boat floating on top, a small island in the middle, under a blue sky, as seen from a plane."
WEB360_101632.mp4,"a view from the front of a boat on the water, including the ocean and the boat's deck."
WEB360_101633.mp4,"a blurry photo of a catamaran sailing in the middle of the open ocean, with a view of a beach and multiple boats in the water."
WEB360_101634.mp4,"a group of people on a boat in the ocean, with the sun shining brightly, including a view of the front of the boat."
WEB360_101635.mp4,"an underwater view of a group of people standing on top of a boat in the ocean, the scene including a large body of water with the words airpano."
WEB360_101636.mp4,"an aerial view of a tropical island in the middle of the ocean with a white sand beach, featuring a group of boats floating on the blue ocean."
WEB360_101637.mp4,"a group of people sitting on a white sailboat, the boat is traveling and sailing across a large body of water in the open ocean."
WEB360_101638.mp4,"an aerial view from a plane of a large body of water under a cloudy sky, featuring a beach with boats, and a small island in the middle of the water."
WEB360_101639.mp4,"a large red boat traveling and floating on top of a large body of water, in a blurry photo."
WEB360_101640.mp4,"a green and red boat in the middle of a blurry photo of the ocean, viewed from the boat itself."
WEB360_101641.mp4,"a view from a large boat in the middle of the ocean, featuring ice floes floating on the water, depicted in a computer generated image."
WEB360_101642.mp4,"a large boat traveling across a large body of water, including views of the ocean, ice floes and icebergs."
WEB360_101643.mp4,"an aerial view of the ocean from a large boat, the ocean with ice floes floating on top of the water"
WEB360_101644.mp4,"a large red boat traveling in the middle of the ocean, with views of the ocean from the boat."
WEB360_101645.mp4,"a computer-generated image of a large red boat and an oil rig in the middle of the ocean, with ice floes floating on top of the water."
WEB360_101646.mp4,"a panoramic picture of a boat in the vast expanse of ocean, the scene including ice floes in the water and a vast expanse of ice."
WEB360_101647.mp4,"a large boat floating on a large body of water covered in ice, the scene extends to a large expanse of ice floating on the water under a cloudy sky."
WEB360_101648.mp4,"a large red boat floating on top of a body of water covered with ice floes, the view includes the ocean seen from a plane."
WEB360_101649.mp4,"an aerial view of a large boat floating on a large body of ice-covered water, including a frozen lake and an ice floe with a plane flying over it, in the middle of winter."
WEB360_101650.mp4,"a boat and a plane flying over a large body of water in a foggy day, the surroundings include the ocean and a foggy sky."
WEB360_101651.mp4,"a blurry photo of a red boat floating on a large body of water, with a train traveling through the snow"
WEB360_101652.mp4,"a group of people standing in a circle on a snow covered field, which also includes a large red boat floating on a large body of water."
WEB360_101653.mp4,a panoramic view of a city at sunset and night.
WEB360_101654.mp4,an aerial view of a city at night and at sunset
WEB360_101655.mp4,"a white train traveling down train tracks next to a subway station, the station is adjacent to a tall building, and an airplane is flying over the station."
WEB360_101656.mp4,"a view from an airplane window showing a city and the blurry inside of the airplane, including blue seats."
WEB360_101657.mp4,"a blurry photo of the inside of a train car with a man sitting in a seat, the train car and an airplane both with blue seats."
WEB360_101658.mp4,a panoramic and aerial view of a city at night
WEB360_101659.mp4,"an aerial view of a large body of water with a building and a river in the background, observed from a blurry balcony, and an advertisement for an airpano product on a window."
WEB360_101660.mp4,an aerial view of a city at night.
WEB360_101661.mp4,"a blurry image of a street with a red double decker bus and a car driving down, a person walking and a tall tower and a building in the background."
WEB360_101662.mp4,an aerial view of a city at night.
WEB360_101663.mp4,a city street at night filled with lots of tall buildings and crowds of people walking across and crossing the street.
WEB360_101664.mp4,a blurry photo of a large crowd of people with umbrellas walking across a city street at night.
WEB360_101665.mp4,an aerial view of a city at night.
WEB360_101666.mp4,"a very large amount of snow covered ground during sunset, the scene includes snow covered trees and a field."
WEB360_101667.mp4,a panoramic and aerial view of a snow covered forest
WEB360_101668.mp4,"a view of a snow covered field with a car parked, trees in the background and a sky overhead."
WEB360_101669.mp4,a picture of a house in the middle of a snow covered forest filled with lots of trees.
WEB360_101670.mp4,"a person riding a snowmobile on a snow covered slope, the landscape includes a forest, trees and clouds with a blue sky in the background."
WEB360_101671.mp4,"a group of people, including a man, riding skis down a snow covered slope with a forest filled with lots of trees"
WEB360_101672.mp4,"a snow covered landscape with a person in a red jacket standing by a fence, trees, and a field."
WEB360_101673.mp4,"a 3D image of a snow covered landscape with a green aurora bore in the background, the landscape including a field."
WEB360_101674.mp4,"a snow covered landscape featuring a ski slope, a road next to a forest, a mountain, and trees, under a blue sky"
WEB360_101675.mp4,"a person skiing down a snow covered mountain and field with trees and a moon in the sky, the scene set against a blue sky background."
WEB360_101676.mp4,"a computer-generated image at night of a snow-covered field featuring a fire hydrant, a snowboarding trick, and a large white polar bear."
WEB360_101677.mp4,"a person and a man riding skis down a snow covered slope, with a forest filled with lots of trees"
WEB360_101678.mp4,"a blurry photo of a snowy landscape including a road, field and trees, with a man riding a sled down the road."
WEB360_101679.mp4,"a blurry photo of a man dressed as Santa Claus sitting in a room with a book shelf, a fireplace, and a red carpet."
WEB360_101680.mp4,a panoramic aerial view of a large group of trees in a snow covered forest
WEB360_101681.mp4,a panoramic view of a snow covered landscape including a large field and a group of trees under a blue sky.
WEB360_101682.mp4,"an aerial view of a large expanse of snow covered ground, including a field and a beach, under a cloudy sky with a sunset in the background."
WEB360_101683.mp4,"an aerial view of a snow covered landscape during sunset, including mountains with a blue sky in the background."
WEB360_101684.mp4,"a snow covered landscape with a snowboarder going down a snowy hill, surrounded by lots of trees and clouds."
WEB360_101685.mp4,"a panoramic and aerial view of a snow covered forest, as seen from bird's eye view."
WEB360_101686.mp4,"a panoramic and bird's eye view of a snowy landscape including a frozen lake, trees, and a snow covered field."
WEB360_101687.mp4,"an aerial view of a city next to the ocean, with a small white helicopter flying over the water and an island in the middle of the ocean."
WEB360_101688.mp4,an aerial view of a large body of water including an island in the middle of the ocean.
WEB360_101689.mp4,"a panoramic and aerial view of a city and a beach at sunset, including a large boat floating on top of a large body of water"
WEB360_101690.mp4,"an aerial view at sunset of a city by a large body of water, including a marina with boats and a beach."
WEB360_101691.mp4,"a panoramic and aerial view of a city with tall buildings at sunset, the city being near the ocean and consisting of lots of buildings."
WEB360_101692.mp4,"an aerial view of a marina with a bridge over a body of water, boats in the water, a train station and a large building in the background."
WEB360_101693.mp4,"an aerial view of a city with a marina and a large body of water, with a plane flying over it."
WEB360_101694.mp4,"a blurry photo of a desert landscape at sunset, with sand dunes and a sky background"
WEB360_101695.mp4,"a panoramic aerial view of a city and a beach, the city with tall buildings, the beach bordering a body of water and the ocean."
WEB360_101696.mp4,"an aerial and panoramic view of a city with tall buildings and a beach, the city and beach including a body of water and the ocean."
WEB360_101697.mp4,"a panoramic and aerial view of a city with a beach, tall buildings, and a large body of water."
WEB360_101698.mp4,"an aerial view of a foggy mountain range with steam coming out, low lying clouds, and the sun in the distance."
WEB360_101699.mp4,"a panoramic view of a large geyser spewing water into the air, a mountain in the distance, a river running through a lush green forest and a man riding a bike down a dirt road next to the river."
WEB360_101700.mp4,"a camera and 3D view of a valley in the mountains with a waterfall, a river running through it, and an aerial view of a green field in the background."
WEB360_101701.mp4,"a bird flying over a lush green hillside where a man is flying a kite in a field, the hillside also includes a grassy hill and a dirt road in the mountains."
WEB360_101702.mp4,"a blurry aerial view of a foggy landscape with a geyser spewing steam, steam rising from a river, and a mountain in the background."
WEB360_101703.mp4,"an aerial and panoramic view of a river flowing through a valley with mountains, steam rising from the ground, and a blurry view of a mountain against the sky."
WEB360_101704.mp4,"an aerial view of a lush green hillside with a geyser spewing water, a house on a cliff, a river running through it, and mountains in the distance."
WEB360_101705.mp4,"a panoramic and aerial view of a hot spring, a trail, a grassy area with stairs, and a golf course in the mountains."
WEB360_101706.mp4,"an aerial and panoramic view of a river running through a lush green hillside with steam rising from the ground, the hillside including a grassy hill with stairs, set in the mountains."
WEB360_101707.mp4,"an aerial and panoramic view of a mountainous valley with steam rising from the ground, a river running through it, and a waterfall"
WEB360_101708.mp4,"an aerial and panoramic view of a mountainous area with a river, featuring steam rising from the ground and the river."
WEB360_101709.mp4,"a 3d image of a person riding a surfboard on a river with steam coming out of it, the surrounding includes a panoramic view of a dirt road in the mountains and blurry mountains in the background."
WEB360_101710.mp4,"an aerial view of a mountain with steam coming out of it, a grassy area with a body of water, a river running through a field, and a river with a mountain in the background."
WEB360_101711.mp4,"an aerial view of a misty mountain with a geyser, a man standing on a hill and a dirt road with a sign that says airpano."
WEB360_101712.mp4,"a blurry aerial view of a landscape, featuring a river running through a valley with a mountain in the background."
WEB360_101713.mp4,"an aerial view of a landscape with a forested area, a river, and a mountain, the landscape also featuring trees"
WEB360_101714.mp4,a firework display lit up in the night sky over a city.
WEB360_101715.mp4,"a view of fireworks exploding in the night sky over a city, as seen from a plane."
WEB360_101716.mp4,"a blurry image of a group of people standing in front of a statue at night, with a street light and fireworks lit up in the sky"
WEB360_101717.mp4,"a firework display in a city at night, the city having a red and yellow firework in the sky, the scene also includes a blurry photo of fireworks"
WEB360_101718.mp4,"a blurry photo of a train on a track at night, with the surrounding scene of a street."
WEB360_101719.mp4,"a blurry image of a city at night, the city including a street and fireworks lit up in the night sky"
WEB360_101720.mp4,a blurry aerial photo of a city at night with fireworks lit up in the sky.
WEB360_101721.mp4,"a night scene of a firework display in the middle of a street with a blurry park, a group of people standing around a statue and a red car with trees in the background."
WEB360_101722.mp4,"a blurry image of a city at night, including fireworks in the sky and a street light."
WEB360_101723.mp4,"a blurry photo of a fire hydrant in front of a bright orange sky at night, featuring fireworks and a street light."
WEB360_101724.mp4,"a blurry view of a body of water, likely a river, surrounded by a forest, with a man and a woman riding in a boat, possibly viewed from a moving vehicle"
WEB360_101725.mp4,"a view from the ground of a forest and a body of water, likely a pond, surrounded by trees and bushes, with a man and a dog in a small boat."
WEB360_101726.mp4,"a group of people on a boat on a river, standing under a thatched roof next to a body of water, with a view of a forest."
WEB360_101727.mp4,"a panoramic and aerial view of a lush green forest with a river, including a view from a boat and a bird's eye view of a tropical island."
WEB360_101728.mp4,"a blurry image of a group of people sitting in a yard under a wooden roof, with a woman on a hammock in the middle of the field."
WEB360_101729.mp4,"a panoramic and aerial view of a lush green forest under a cloudy blue sky, the forest including a river running through it and a swampy area with trees and water."
WEB360_101730.mp4,"a blurry photo of a group of people, including a couple of women, standing in a forest with a body of water, some of them sitting on a bench"
WEB360_101731.mp4,"a panoramic aerial view of a river running through a lush tropical forest, surrounded by trees."
WEB360_101732.mp4,"a group of people including a man and a little girl, sitting and standing respectively under a thatched roof with a hammock on a wooden deck."
WEB360_101733.mp4,"a panoramic view of a landscape featuring a river, a lake, trees, and a forest, with clouds in the sky."
WEB360_101734.mp4,"a picture of a group of people and a woman sitting and standing on a dock next to a body of water, with a house in the woods and a dog"
WEB360_101735.mp4,a panoramic aerial view of a large field in a lush green tropical forest with trees.
WEB360_101736.mp4,"an aerial view of a castle in the mountains, the castle situated near a stone building in a green field and a lush green valley."
WEB360_101737.mp4,"an aerial and panoramic view of a castle situated in the lush green mountains, including a hillside and a field."
WEB360_101738.mp4,"a computer generated 3D image of a castle tower on a hill in the mountains, the scene includes a cemetery and a stone building in a green field."
WEB360_101739.mp4,"a panoramic view of a lush green valley with a highway, a blurry mountain with a sky background and a river running through it."
WEB360_101740.mp4,"an aerial view of a lush green valley in the mountains, the valley includes a castle, a grassy field with old buildings and a lush green field."
WEB360_101741.mp4,"an aerial view of a lush green valley with a river running through it, the valley includes a grassy hill with a sky background, and is adjacent to a forest."
WEB360_101742.mp4,"an aerial and bird's eye view of a green valley with a lush hillside, a castle on a hill and a mountain with a river running through it."
WEB360_101743.mp4,"an aerial view of a lush green mountainside with a castle, a river running through it, and a cloudy sky."
WEB360_101744.mp4,"a panoramic and aerial view of a lush green field and valley with a herd of cattle standing and walking across it, and mountains in the background."
WEB360_101745.mp4,"a 3D image of a castle located on a hill, the scene also includes trees, a road and mountains."
WEB360_101746.mp4,"a panoramic and aerial view of a lush green valley with a river running through it, the valley includes a green field and mountains in the background."
WEB360_101747.mp4,"an aerial view of a lush green hillside with a castle, a large tower, a house, and a green field."
WEB360_101748.mp4,"an aerial view of a grassy hill with a castle and a tower in the distance, positioned in the middle of a field and a valley with a river running through it."
WEB360_101749.mp4,"a group of people, including a man standing next to a white pole, in front of a house and around a parking lot."
WEB360_101750.mp4,"an aerial view of a snowy mountain range with a body of water, the mountain covered with snow and clouds in the sky."
WEB360_101751.mp4,a woman holding up a cell phone and taking a picture of a group of people standing on top of a snow covered slope.
WEB360_101752.mp4,a group of people standing on top of a snow covered slope
WEB360_101753.mp4,"a panoramic view from the top of a snow covered mountain, including the ocean and a bright sun in the background."
WEB360_101754.mp4,"a blurry photo of a group of people sitting at a long table in a park with a bench, trees, and a picnic table, with a man and another person standing in front of a house."
WEB360_101755.mp4,an aerial panoramic view of a snow covered mountain with a blue sky in the background
WEB360_101756.mp4,"a large shark and a couple of people, including a man on a surfboard, swimming in the ocean."
WEB360_101757.mp4,"a man is swimming in a blue ocean with a large animal floating next to him, a scuba diver and a large group of fish, with the words airpano on it."
WEB360_101758.mp4,"a group of people in a wet suit swimming in a blue ocean, with the presence of a large whale and a shark, and the word 'airpano' visible on it."
WEB360_101759.mp4,"an underwater photo of a large shark and a man in a wet suit swimming in the ocean, with a view of a boat in the ocean."
WEB360_101760.mp4,"a picture of a tiger laying on top of a rock in a forest with a house, a bridge and a couple of people standing on top of a metal fence."
WEB360_101761.mp4,"a picture of a tiger walking across a lush green forest, including a bridge in the woods with a couple of people standing on top."
WEB360_101762.mp4,"a panoramic view of a lush green forest with a group of people walking across a bridge, a train traveling through, and a wooden walkway in the middle."
WEB360_101763.mp4,"a blurry photo of a fenced in wooded area with a dog, trees, bushes, a small tree and dirt."
WEB360_101764.mp4,"a blurry photo of a lion laying in a forest with a train on the tracks, a path in the woods, and a black cage with the word airpano written on it."
WEB360_101765.mp4,"a man riding a skateboard across a wooden walkway in a forest, the forest includes a fence, trees and a wooded area."
WEB360_101766.mp4,"a blurry picture of a train traveling through a lush green forest with a stream running through it, and a sign for a hair salon in front of a fence."
WEB360_101767.mp4,"a blurry photo of a giraffe in a fenced in area with green plants and trees, next to a building, within a gated area with a sign that says airpano vr production"
WEB360_101768.mp4,"a blurry photo of a fenced in area with a forest of trees, a bench under a bridge, a bunch of plants, and a sign that says airpano."
WEB360_101769.mp4,"a bird's eye view of a lush green field at sunset, the field including a rice field, a dirt field with a body of water in the foreground, a river, a golf course and a pond."
WEB360_101770.mp4,"an aerial view of a sunset setting over a mountain range, a golf course, a river in the middle of a field, and a field with trees."
WEB360_101771.mp4,"an aerial view of a green landscape with a river running through it, a foggy field with a hill in the distance, and a field with a mountain in the background."
WEB360_101772.mp4,"a panoramic and aerial view of a cliff and a body of water with a sunset, a small island in the middle and a blue sky in the background."
WEB360_101773.mp4,an aerial panoramic view of a cliff overlooking a beach and the ocean.
WEB360_101774.mp4,"a panoramic and aerial view of a cliff overlooking the ocean at sunset, the scene including a road on top of a mountain and a small island in the foreground."
WEB360_101775.mp4,"a panoramic and aerial view of the ocean and cliffs from a high point of view, including a 3D image of a cliff face with a blue sky in the background."
WEB360_101776.mp4,"a view of the ocean from a boat, featuring a large body of water with a small island in the middle, a cliff, and taken from different perspectives."
WEB360_101777.mp4,"a panoramic and aerial view of a large body of water under a cloudy sky, including the ocean, a beach, cliffs, and an airplane flying over."
WEB360_101778.mp4,"an aerial view of a small town in the country, the town including a golf course"
WEB360_101779.mp4,"a bird's eye view of a small village in the country, including a small town and a golf course."
WEB360_101780.mp4,a panoramic and aerial view of a small town in the mountains
WEB360_101781.mp4,"a panoramic and aerial view of a town, a village, and a city in the mountains."
WEB360_101782.mp4,"a red and white train traveling down tracks next to a mountain, with a man sitting in the train looking out the window, and a car driving down a road nearby."
WEB360_101783.mp4,"a red and white train traveling down train tracks next to a mountain, with a group of people standing next to a fenced in area, the area and tracks with mountains in the background."
WEB360_101784.mp4,a 3D panorama of a snow-covered mountain range with a train on a track and a road in the mountains.
WEB360_101785.mp4,"a panoramic aerial view of a snow-covered mountain range, including a building in the mountains."
WEB360_101786.mp4,"an aerial view from a plane of a snow-covered mountain range under a blue sky, including a bird's eye view of the range and snow-capped mountains in the background."
WEB360_101787.mp4,"a picture of a group of people walking across a lush green field, with a mountain lake, a mountain in the background, a small house in the middle of the field, and people standing on top of a dirt field."
WEB360_101788.mp4,"a 3d image of a large mountain lake, the lake surrounded by hills and mountains in the background"
WEB360_101789.mp4,"a 3d image from a helicopter's view of a mountainous region, including a lake in the middle, a dirt road, and surrounded by mountains."
WEB360_101790.mp4,"a computer generated image of a panoramic view of a snow covered mountain range, as seen from a plane and an aerial view."
WEB360_101791.mp4,"an aerial and computer-generated view of a snowy mountain range, including a mountain with a sign on it."
WEB360_101792.mp4,"a panoramic view of a very large, snow-covered mountain range"
WEB360_101793.mp4,"a 3D panoramic image of a snow-covered mountain peak, including a view of the snowy mountain range."
WEB360_101794.mp4,"a computer generated 3D and panoramic image of a snow covered mountain range, including a view of the ground and an aerial view."
WEB360_101795.mp4,"an aerial, panoramic and computer-generated view of a snow covered mountain range under a cloudy sky."
WEB360_101796.mp4,"an aerial view of a snowy mountain range, including a snow covered mountain."
WEB360_101797.mp4,"an aerial view of a snow covered mountain range, with a view from a plane, the sun shining through the clouds and a sky background."
WEB360_101798.mp4,"an aerial view of a mountain range with a bird's eye view, the range featuring a bridge over a canyon, a lush green forest, and a mountain with a sky background"
WEB360_101799.mp4,"a blurry image of a mountain with a sky background, featuring an aerial view of a bridge and a suspension bridge over a river in the mountains."
WEB360_101800.mp4,"a very long suspension bridge over a body of water, with a blurred background of a mountain and sky, including a clock tower."
WEB360_101801.mp4,"an aerial view of a group of people walking across a suspension bridge with a mountain and a tower in the background, the sky is also visible."
WEB360_101802.mp4,"an aerial view of a suspended bridge over a mountain with a cliff, the scene also includes a blurry photo of a mountain with a sky background."
WEB360_101803.mp4,"a blurry photo of a plane flying in the sky and a bridge at night, with the words airpano displayed in black and white."
WEB360_101804.mp4,"a group of people standing on top of a wooden platform, on the side of a building and on a pier, and a man sitting on a bench next to a tall building."
WEB360_101805.mp4,"a group of people traveling down a lake on a boat, with other boats floating around, a person sitting on a porch nearby, all next to a lush green hillside."
WEB360_101806.mp4,"an image of two people walking down a path in the woods, with a 3D image of a tree, a man riding a surfboard on a wave in the ocean, and a book with the words airpano on it."
WEB360_101807.mp4,"a blurry image of a man standing in front of a waterfall, with a tree, a building, a river running through a forest and a person walking down a path in the background."
WEB360_101808.mp4,"a large waterfall in the middle of a dark forest, the forest including a bench, captured in a blurry and black and white photo with the words airpano on it."
WEB360_101809.mp4,"a blurry photo of people walking on a bridge in a lush green forest, the forest including a river, a wooden walkway leading to a waterfall, and a wooden deck with a red trash can on top."
WEB360_101810.mp4,"a river running through a lush green forest, the scene including a blurry image of the river, a bridge and a 3D perspective of the forest."
WEB360_101811.mp4,"a 3d image of a train traveling down the tracks next to a mountain, including a man walking on a wooden walkway, a tree in a cave, and a blurry photo of a fence."
WEB360_101812.mp4,"a digital painting of a group of young men and a man in a yellow vest standing near a waterfall surrounded by trees, with people walking across a wooden bridge."
WEB360_101813.mp4,"a 3d image of a group of people walking down a path and a sidewalk next to a river surrounded by trees, with the words airpano in a black and white photo."
WEB360_101814.mp4,"a large body of water, possibly a lake or harbor, with boats floating on it, surrounded by a city."
WEB360_101815.mp4,"a panoramic and aerial view of a city with a river running through it, the city includes tall buildings and a clock tower."
WEB360_101816.mp4,a panoramic aerial view of a city with a clock tower and a river running through it.
WEB360_101817.mp4,a panoramic view of a city with tall buildings and a river running through it.
WEB360_101818.mp4,"a panoramic view of a city with a river running through it, the city including a bridge and a clock tower."
WEB360_101819.mp4,"a panoramic and aerial view of a forest in the fall, including a field, a lake and blue skies."
WEB360_101820.mp4,a panoramic and aerial view of a field with a bridge in the distance and trees in the background
WEB360_101821.mp4,a view of a car driving down a road in the middle of a field with a forest and trees in the background.
WEB360_101822.mp4,"a herd of animals, possibly deer, grazing, walking, and standing on a lush green, grass covered field."
WEB360_101823.mp4,"a blurry image of a herd of deer grazing on a lush green field, the herd including two deer and other animals."
WEB360_101824.mp4,"a bird's eye view of a wooded area with trees, featuring a wooden bench sitting under a metal roof next to the forest."
WEB360_101825.mp4,"a picture of a wooded area with a bench sitting in the middle, a 3D image of the area includes an animal in a fenced in area and trees."
WEB360_101826.mp4,a herd of deer and cattle grazing on a lush green field with a couple of animals standing in the grass.
WEB360_101827.mp4,"a blurry photo of a large body of water, possibly a lake or a river, surrounded by a forest with a blue sky in the background and a sign that says airpano vr production."
WEB360_101828.mp4,"The output is: an aerial view of a river running through a forest, the forest including a wooded area with trees and a bird's eye view."
WEB360_101829.mp4,an aerial view of a large body of water surrounded by a forest and trees.
WEB360_101830.mp4,"a view of a large body of water with boats in it, surrounded by a forest and a blue sky background."
WEB360_101831.mp4,"a photo of a forest, featuring a tiger laying on a rock, a house, a bridge, and a couple of people standing on top of a fence"
WEB360_101832.mp4,"a blurry photo of a man standing on top of a wooden bridge in the woods, the area including a fenced in area with trees and bushes, a dog and a tiger in the woods."
WEB360_101833.mp4,"a panoramic view of a lush green forest with a long metal walkway and a wooden walkway, and a train traveling through."
WEB360_101834.mp4,"a blurry photo of a person walking in the woods and a man riding a skateboard on a ramp, with features including a path, a wooden bench, a fence and lush green trees."
WEB360_101835.mp4,"a blurry photo of a fenced area in the woods with a dog running, a path, a bench, trees, and dirt."
WEB360_101836.mp4,"a blurry photo of a dog laying down in the forest with trees, a path in the woods, and a bird cage with the word airpano written on it."
WEB360_101837.mp4,"a blurry photo of a couple of people walking across a wooden walkway in the middle of a forest, with a fence, trees and a bridge."
WEB360_101838.mp4,"a blurry photo of a giraffe in a fenced in area next to a lush green forest, with a sign that says airpano vr production."
WEB360_101839.mp4,"a blurry photo of a path in the woods with a fenced in area that has green grass, trees, some plants and a building."
WEB360_101840.mp4,"a blurry photo of a fenced in wooded area with trees, a bench under a bridge, a building in the woods, and a sign that says airpano"
WEB360_101841.mp4,"a dark room with a view of the ocean, featuring two doors, a window, a cross on the wall, and a person in the room, captured in black and white"
WEB360_101842.mp4,"a dimly lit hallway and a bathroom with a toilet, a bowl of food on the floor, a clock on the wall, a brick wall, and leading to a statue in a dark room."
WEB360_101843.mp4,"a dark living room filled with furniture, a flat screen tv, a bedroom with a bed and a night stand, a lamp and pictures on the wall, and a hallway with a door and a light on."
WEB360_101844.mp4,"a computer generated image of a dirt road near a body of water, surrounded by trees on a hill and in the woods"
WEB360_101845.mp4,"a very large, dimly lit room with a statue, a window, a lamp, and a wooden door, and a dark hallway with light coming through the window."
WEB360_101846.mp4,"a computer generated 3d image of a snow covered landscape, including a mountain road, a dirt road, and a forest with trees."
WEB360_101847.mp4,"a living room filled with furniture, a large window, a television, a plant, and a flat screen TV, with a view of a city."
WEB360_101848.mp4,"a blurry image of a city view from a balcony, including a window, a bed, and a street."
WEB360_101849.mp4,"a computer generated image of a desert landscape with a sunset over a mountain, a pyramid in the background, and a train going through the desert."
WEB360_101850.mp4,"a computer generated image of a river surrounded by snow covered mountains, trees on a hill and trees surrounding the river."
WEB360_101851.mp4,"a large room with a checkered floor, columns, a clock on the wall and a statue."
WEB360_101852.mp4,a computer generated image of a dirt road with a mountain in the background and a building.
WEB360_101853.mp4,"a computer generated image of a sunset over a desert road with a mountain in the background, leading to a baseball field and a beach."
WEB360_101854.mp4,"a computer generated image of a city in the middle of a desert, the city with tall buildings and skyscrapers."
WEB360_101855.mp4,"a computer generated image of a view from a cliff, including the ocean, a boat in the water, a white building, and a body of water."
WEB360_101856.mp4,"a computer generated image of a snow covered mountain with an aerial view, including the ocean and land, and a body of water."
WEB360_101857.mp4,a computer generated image of a city with tall buildings and smoke pouring out of it.
WEB360_101858.mp4,"an aerial view of a snowy landscape with a river, surrounded by snow covered mountains, rocky cliffs, and trees."
WEB360_101859.mp4,"a computer generated image of a landscape including a house, a tree on a cliff, a body of water and a beach in the background."
WEB360_101860.mp4,"an aerial view of a large body of water, possibly a river, surrounded by mountains, with a road and a train on the tracks."
WEB360_101861.mp4,"a computer generated 3D image of a long road leading to a baseball field, with a mountain in the background, a fence, and a desert."
WEB360_101862.mp4,"a computer generated aerial view of a scenic mountain with trees, a lake, a river running through it, and a view of the ocean."
WEB360_101863.mp4,a computer generated image of a cross on top of a mountain in a desert landscape
WEB360_101864.mp4,"an aerial view of a snow covered mountain landscape with a large body of water, a river, and trees on top of it, all surrounded by mountains."
WEB360_101865.mp4,"an aerial view of a snow-covered mountain surrounded by a large body of water, with trees on top and a cliff overlooking the ocean."
WEB360_101866.mp4,"a computer generated image of a landscape at sunset, including a beach, a body of water, trees, and a castle in the background."
WEB360_101867.mp4,a computer generated image of a desert landscape at sunset.
WEB360_101868.mp4,"a computer generated image of a train traveling through a desert under a cloudy sky, the desert including a flag, a house and a bridge."
WEB360_101869.mp4,a computer generated image of a large body of water with a small island in the middle and a boat in the distance.
WEB360_101870.mp4,"a computer generated image of a desert landscape, the desert including a pyramid in the background and palm trees."
WEB360_101871.mp4,"a computer generated image of a landscape including a beach, a lake surrounded by mountains, a grassy area with trees and a dirt road in the mountains."
WEB360_101872.mp4,"a computer generated image of a landscape including a rocky coastline, a desert with a pyramid, a ship in the ocean, and a desert landscape."
WEB360_101873.mp4,"a computer generated image of a desert landscape, including a pyramid and a sunset over a body of water"
WEB360_101874.mp4,a computer generated image of a desert landscape at sunset with a beach and a pyramid in the background.
WEB360_101875.mp4,"a computer generated image of a castle in the sky, a desert scene, a beach at sunset and the pyramids of Giza."
WEB360_101876.mp4,"a computer generated image of a landscape with a castle, a bridge, trees and a body of water, including a dirt road and a river."
WEB360_101877.mp4,"a digital painting of a landscape including a castle by a river, trees, a fence, a bridge over a body of water and a bench on a lush green hillside."
WEB360_101878.mp4,"a computer generated image of a sunset over a landscape that includes a castle by a river, trees on a hill, and a small island in the middle of a lake."
WEB360_101879.mp4,"a computer generated image of a landscape including a lake, trees, a field, and a castle on a hill."
WEB360_101880.mp4,a computer generated image of a pyramid in a desert landscape with the view of the sky and clouds.
WEB360_101881.mp4,a computer generated image of a castle on a hill in a green field
WEB360_101882.mp4,"a computer generated image of a desert landscape with a pyramid in the background, a train traveling through a mountainous area."
WEB360_101883.mp4,"a dimly lit hallway in a large building, the hallway has a clock on the wall, the building includes a room with a fire pit, a curtained window, and a statue."
WEB360_101884.mp4,"a large, dimly lit room with a checkered floor and columns, including a statue in the middle and a lit candle, extending into a long hallway with a clock on the wall."
WEB360_101885.mp4,"a panoramic view from a cliff, overlooking a beach, a body of water, and a house, all computer generated."
WEB360_101886.mp4,"an aerial view of a beach under a cloudy sky, with a body of water including a small island, the view is partly computer generated and partly blurry."
WEB360_101887.mp4,"a blurry image of a living room with a large sliding glass door, a red couch, pictures and a flat screen tv on the wall"
WEB360_101888.mp4,"a computer generated image of a train traveling down tracks next to a mountain, a bridge with a flag on it, and a desert scene including palm trees."
WEB360_101889.mp4,"a computer generated image of a train traveling down train tracks next to a mountain, the scene including a sandy beach with a sitting bench and a desert scene."
WEB360_101890.mp4,"a computer generated image of a sunset over a mountain with a dirt road, a rock formation, and a train on a track"
WEB360_101891.mp4,a computer generated image of a dirt road leading to a stone tower and a cross on a hill.
WEB360_101892.mp4,"a virtual view of a desert landscape with a dirt road, palm trees, a building with a clock tower."
WEB360_101893.mp4,"a computer generated image of a desert landscape with a dirt road, a palm tree on a sandy beach, and a train traveling through the desert."
WEB360_101894.mp4,"a digital painting of a landscape on a hilly area, the landscape includes a castle on a hill, trees, a body of water, and a green field."
WEB360_101895.mp4,"a computer generated image of a sunset over a landscape, the landscape includes a castle on a hill, a small town, a river and trees."
WEB360_101896.mp4,"a computer generated image of a castle on a hill, with a lake and a sunset over a body of water."
WEB360_101897.mp4,"a computer generated image of a city at night, featuring a large building with a lot of smoke coming out of it."
WEB360_101898.mp4,"a computer generated screenshot of a city with smoke coming out of the buildings on the street, including a large building emitting a lot of smoke."
WEB360_101899.mp4,"a computer generated image of a city, the city including a skyline, tall buildings, a very tall building next to a bridge, and a city street."
WEB360_101900.mp4,"a computer generated image of a city with tall buildings and a skyline, including two specific buildings."
WEB360_101901.mp4,"a computer-generated image of a city with tall buildings, featuring a truck driving down a street and a train on the tracks."
WEB360_101902.mp4,"a computer generated image of a city with tall buildings, a woman on top of a building, and a train on the tracks."
WEB360_101903.mp4,"a computer generated image of a city including a street and skyline, featuring cars driving down a dirt road next to a wooden fence and cars sitting in the street."
WEB360_101904.mp4,"a computer generated image of a large city with a lot of tall buildings, including two specific tall buildings, a road and a bridge."
WEB360_200001.mp4,a man riding a surfboard on top of a wave in the ocean.
WEB360_200002.mp4,"a view of a man riding a skateboard down a city street from a plane, the street also visible from a car, next to a tall building and a sidewalk."
WEB360_200003.mp4,"an aerial view of a city with a castle having a clock tower, viewed from a high point, including a parking lot"
WEB360_200004.mp4,"a car driving down a road next to a lush green field and park, a skateboarder doing a trick on a ramp, and a red car driving next to a forest."
WEB360_200005.mp4,"a view of a car driving down a street under a bridge, the street is next to a park and the highway."
WEB360_200006.mp4,"a street scene with men walking and standing next to tall buildings, a white car, a building with a red door, a yellow line, and a wheelchair."
WEB360_200007.mp4,"a group of people, including a man wearing a face mask, walking through an airport terminal with a lot of luggage."
WEB360_200008.mp4,"a view of a city street where a group of people are crossing, a car is driving down and another car is parked on the side, with a green traffic light hanging over and tall buildings around."
WEB360_200009.mp4,"a couple of people and a man standing on a snow covered road, with a small tree sitting on the side and a man standing next to a horse in a snowy field."
WEB360_200010.mp4,"a city street filled with lots of traffic next to tall buildings, the street includes a man riding a bike, two motorcycles in a parking lot, and a bike parked near a fence by a tree."
WEB360_200011.mp4,"a person riding a scooter on a city street lined with trees and a fence, with a street sign sitting on the side of the road and a sidewalk."
WEB360_200012.mp4,"a city street filled with tall buildings and lots of traffic, including a car that is upside down and a black SUV parked in front of a building."
WEB360_200013.mp4,a car showroom filled with lots of cars
WEB360_200014.mp4,"a view of a city street from a vehicle, showing a car driving next to tall buildings and a traffic light."
WEB360_200015.mp4,"a group of people standing in a room with tables and chairs, walking down a long hallway, through a terminal, and in front of a building."
WEB360_200016.mp4,"a view of a city street with cars parked on the side, including a red car driving down the street next to tall buildings, and a distant parking lot."
WEB360_200017.mp4,"a man holding a bottle of water in his hand on a cobblestone road, with a blue car parked on the side and a car driving down a street next to a lush green park."
WEB360_200018.mp4,"a city scene with a man walking down a street with cars driving down it, a parking lot filled with bikes next to tall buildings, and a group of motorcycles parked in front of a building, all next to a sidewalk with a blue sign."
WEB360_200019.mp4,"two people and a woman holding an umbrella walking in front of a building with a brick path and a sidewalk, a man talking on a cell phone, and a group of trees in a field."
WEB360_200020.mp4,"a person in an orange jacket and cars driving down a street with tall buildings, the view also includes the top of a car and trees."
WEB360_200021.mp4,"a man walking down a set of stairs and another man talking on a cell phone in a mall filled with lots of tables and chairs, a vending machine and a store with a lot of items inside."
WEB360_200022.mp4,"a picture of a man walking down a city street with buildings in the background, a parking meter, a traffic light and a street sign on the sidewalk."
WEB360_200023.mp4,"a person with a backpack walking through an airport that has a bunch of objects on the floor and words inside the occlus, a woman in a red jacket is standing on a ramp."
WEB360_200024.mp4,"a street view of a car driving down a street next to a building, a street sign, tall buildings, trees, and a lush green hillside."
WEB360_200025.mp4,"a street scene with a man walking down next to tall buildings, people walking around, a parking lot, and a courtyard with tables and umbrellas in front of a building."
WEB360_200026.mp4,"a photo of a sandy beach where a man is standing, people are walking, and a young boy is flying a kite"
WEB360_200027.mp4,"a panoramic and aerial view of a sandy beach and a desert landscape, including an ocean, mountains in the background and distance, under a blue sky."
WEB360_200028.mp4,a view from a plane window of a car driving down a street next to tall buildings
WEB360_200029.mp4,"a scene on a street where a man is riding a skateboard, a green car and a green bus are driving down, with tall buildings next to the street."
WEB360_200030.mp4,"a view of a city street from the top of a car, the street with tall buildings in the background"
WEB360_200031.mp4,"a city street with a mural on a side of a building, tall buildings, and construction in the background"
WEB360_200032.mp4,"a car driving down a tree lined street with a street sign sitting on the side, the street is also next to a fence"
WEB360_200033.mp4,"a man riding a jet ski and a person riding a surfboard on top of a body of water, a large iceberg floating nearby, and another person para sailing in the ocean on a cloudy day."
WEB360_200034.mp4,"a view of a beach with waves coming in to shore and a man standing on top of it, the beach is next to the ocean, also includes a person riding a motorcycle down a dirt road."
WEB360_200035.mp4,"a city street filled with lots of traffic including a yellow car, a man on a motorcycle, and a bus, all driving next to a traffic light and tall buildings."
WEB360_200036.mp4,"a panoramic view of a group of people walking through a forest filled with lots of trees, grass, rocks and a dirt road."
WEB360_200037.mp4,"a car driving down a street next to a bridge, a park, and a forest."
WEB360_200038.mp4,"a man riding a scooter down a city street with parked cars on the side of the road, next to a fence and a lush green park."
WEB360_200039.mp4,"an aerial view of the ocean, featuring a beach, a small island in the middle, and views from a boat."
WEB360_200040.mp4,a large room with a man standing in front of a bunch of posters on the wall.
WEB360_200041.mp4,"an aerial view of a small village in the mountains near a road, the village is located between the beach and the ocean."
WEB360_200042.mp4,"a car driving over a bridge in a city, the bridge is over a body of water with street lights and lamps, the car also driving down a street next to the bridge"
WEB360_200043.mp4,"a group of people, including a couple of men, walking through an empty airport with a white floor and a large screen on the wall, some carrying luggage."
WEB360_200044.mp4,"a view of a street with parked motorcycles, cars, and bicycles, including a white car parked next to a tree"
WEB360_200045.mp4,a person riding a skateboard down a street with a shadow of a person standing in a park
WEB360_200046.mp4,"a large empty building with a lot of windows and a rainbow painted sign, with groups of people standing around in a room."
WEB360_200047.mp4,"an aerial view featuring a road with a speedometer, a parking lot, a plane on a runway, and a field."
WEB360_200048.mp4,"a view of a man and a woman, both with backpacks, in a covered area near a field, the man is standing in front of a display of birds while the woman is smiling at something, and the man is also seen walking down a sidewalk."
WEB360_200049.mp4,"a car driving down a street under a bridge, next to a tall building, with a parking garage filled with lots of vehicles and an empty parking lot with a building in the background."
WEB360_200050.mp4,"a person riding a motorcycle down a dirt road, with a grassy field and a mountain in the background, a foggy hillside with a single person walking on it, and a man in a yellow shirt with a blue backpack."
WEB360_200051.mp4,"an aerial view of a village in the mountains, featuring a house, a roof, and a winding road."
WEB360_200052.mp4,"a city street with a car driving down, the street is next to tall buildings, a large building in the background, and a bridge."
WEB360_200053.mp4,"a car driving down a street next to tall buildings, with a food truck parked on the side of the road."
WEB360_200054.mp4,a car and a man on a motorcycle driving down a street next to a lush green park and tall buildings.
WEB360_200055.mp4,"The output is: a view of a sun shining through trees and bushes, in front of a building, a walkway lined with these trees leading to a white building, and a shadow of a person on a wall."
WEB360_200056.mp4,"an aerial view of a castle overlooking a large body of water, with a view of the ocean from a cliff, the sun setting over the ocean on a cloudy day."
WEB360_200057.mp4,"a young man standing on a sandy beach next to the ocean, with a view of a person riding a motorcycle on a dirt road."
WEB360_200058.mp4,"a large room in a building, possibly a store named Dr Hong, with a white refrigerator and a red door, a man walking down a hallway, and a group of people walking around a mall."
WEB360_200059.mp4,"a person on a race track, riding a skateboard, a motorcycle, and driving a race car."
WEB360_200060.mp4,a man riding a skateboard down a street with a sidewalk and next to palm trees.
WEB360_200061.mp4,"a photo of a man riding a bike and a snowboard, a person riding a motorcycle down a road next to a forest and a bridge, with a blurry view of the bridge in the woods."
WEB360_200062.mp4,"a scene with a man riding a bike and a group of people walking down a street with tall buildings, a white car parked on the side of the road and a blue and white car parked in a parking lot."
WEB360_200063.mp4,"a man with long hair is standing in a blurry picture of a wooded area with rocks, trees and a dirt road in the middle of a forest."
WEB360_200064.mp4,"a street scene with a group of people crossing, a green bus driving, a man riding a bike, and a person wearing a face mask walking, all in front of tall buildings."
WEB360_200065.mp4,"a scene on a sandy beach where a couple of people are sitting, a young boy is riding a surfboard, a man is riding a skateboard, and a couple of people are walking in the water."
WEB360_200066.mp4,"a man walking down a street next to tall red buildings, one of the buildings with a sign on the front of it, and a man standing next to a red fire hydrant."
WEB360_200067.mp4,"a view of a city with lots of traffic, seen from the top of a car, including a white car and another car driving down a street next to tall buildings."
WEB360_200068.mp4,"a view of a street next to tall buildings, featuring a skateboarder doing a trick on a ramp, a car driving down the street, a man riding a motorcycle, and a room with red partitions in the middle of it"
WEB360_200069.mp4,"a group of people walking through a large airport terminal, with a woman pointing at a bus and a man wearing a face mask."
WEB360_200070.mp4,"a view of a city street with a white car driving down next to tall buildings, a person riding a motorcycle, a bus parked on the side of the road, all seen from the top of a car."
WEB360_200071.mp4,"a man with a helmet on, riding a motorcycle down a lush green field where a person is flying a yellow kite, and another person is riding a small airplane."
WEB360_200072.mp4,"a man wearing a face mask standing in a shopping mall filled with lots of people and vending machines, people are walking around."
WEB360_200073.mp4,"a scene involving a man riding a skateboard on a wooden deck, a man riding a bike down a sidewalk, a group of people walking across a bridge, and a reflection of a building in a window."
WEB360_200074.mp4,"a view from a park bench showing a city, a street lined with trees and bushes next to a sidewalk, a truck parked on the side of a road next to a forest, and a white truck parked in a parking lot next to a tree."
WEB360_200075.mp4,"a shopping mall filled with lots of people walking around, including a store front with people walking in it and a person walking down a set of stairs in the building."
WEB360_200076.mp4,"a group of people on a boat traveling down a large body of water, with a view of a bridge over the water."
WEB360_200077.mp4,"a picture of a person and a woman in a purple jacket walking through the woods with a road and a bridge, which is across a river running through a forest filled with trees."
WEB360_200078.mp4,"a person riding a bike on a bridge, with a group of people riding bikes down a street next to tall buildings, people walking across the bridge next to a ferris wheel, and a blurry photo of a person standing in front of a sign."
WEB360_200079.mp4,"a view of a city street from a car, the city street having a person riding a skateboard and another person riding a motorcycle next to tall buildings"
WEB360_200080.mp4,"a man riding a skateboard and a motorcycle down a street next to tall buildings, a red car parked in front, and a white car nearby."
WEB360_200081.mp4,"a large group of people standing in a room at an airport, also seen walking through a train station."
WEB360_200082.mp4,"a view from a car driving down a city street next to tall buildings, including a parking lot and a white car."
WEB360_200083.mp4,"a street scene with a man walking down the street, a car parked on the side of the road in front of a building with Chinese writing on it, a fence, and tall buildings in the background."
WEB360_200084.mp4,"a view of a street with a blue sign sitting on the side, cars driving down it including a white car, and tall buildings nearby."
WEB360_200085.mp4,"a person standing on a lush green hillside with a view of a mountain range and clouds in the sky, a foggy landscape with a blue blanket and two people walking up a hill on a cloudy day."
WEB360_200086.mp4,"a view of a person climbing and a man skateboarding on a rocky hill in a wooded area with a rope, the hill surrounded by rocks, trees and a forest."
WEB360_200087.mp4,"a street scene with a group of people and a man walking down the street next to a tall building, a person standing in front of the building, and cars with a blue umbrella on the street."
WEB360_200088.mp4,"a city street scene with a group of people standing on a sidewalk, cars parked on the side of the street, lots of traffic, and tall buildings next to a parking lot."
WEB360_200089.mp4,"a scene of a boat traveling down a river, with a man standing on the bow and another man sitting on it, a white pole sticking out of the water and a lush green hillside nearby."
WEB360_200090.mp4,"an aerial view of a castle by a large body of water under a cloudy sky, the view includes a sunset over the water and a view from a boat."
WEB360_200091.mp4,a group of people including a man and a woman walking through a large airport terminal building.
WEB360_200092.mp4,"a blue and yellow bus and a car driving down a street next to tall buildings, with a view from the top of a white car."
WEB360_200093.mp4,a group of people and a man wearing a face mask walking through an airport with a large sign displaying Asian writing.
WEB360_200094.mp4,"a city street scene with a white car parked on the side of the road, a group of people standing outside of a building, a parking lot filled with parked cars, and tall buildings lining the street."
WEB360_200095.mp4,"a city street next to tall buildings, featuring a building with Chinese writing on it, a person riding a bike, lots of traffic, and a group of cars parked in front of a building."
WEB360_200096.mp4,"a street scene with a group of people walking, a couple standing, a woman standing on a cement ramp, and a man riding a skateboard next to tall buildings."
WEB360_200097.mp4,"a group of people walking and standing in a building, the building being a shopping mall with a hallway."
WEB360_200098.mp4,"a view of a city street filled with traffic, with a white car parked in front of a tall building, other cars driving down the street next to a forest, as viewed from a car."
WEB360_200099.mp4,The output is: a group of people and a man standing and walking on top of a sandy beach next to the ocean.
WEB360_200100.mp4,"a view of a park with a bench and trees, a street lined with trees and bushes with a sidewalk, cars parked on the side of the street and a group of cars in a parking lot."
WEB360_200101.mp4,a car driving down a city street next to palm trees with people riding skateboards
WEB360_200102.mp4,"a group of people, including a man, walking through an airport terminal and around a large building."
WEB360_200103.mp4,"a car, possibly white, driving down a street next to tall buildings, with a man riding a skateboard down the middle of the same street"
WEB360_200104.mp4,"a view from inside a building, showing a parking lot, a group of people walking down a hallway, a man walking across a bridge next to tall windows, and a blurry photo of a person standing in a room."
WEB360_200105.mp4,"a view of a car driving on a bridge over a body of water, with buildings in the background."
WEB360_200106.mp4,"a city street scene with a black car parked on the side, a person and a man riding skateboards, a white car driving down next to tall buildings."
WEB360_200107.mp4,"a view of a bus parked on a street next to a lush green park, a street sign on the side of the road, and a parking lot seen from a car."
WEB360_200108.mp4,"a view from a car driving down a street under a bridge, the scene includes a man riding a skateboard next to the bridge."
WEB360_200109.mp4,"a woman walking down a street with parked cars and tall buildings, a group of people also walking down the street, a store, and a car parked in front of it."
WEB360_200110.mp4,"a grassy courtyard area with palm trees and a building in the background, two people are walking down a brick path, a red scooter parked on the side of the road, and two young boys are playing frisbee."
WEB360_200111.mp4,"a large building with a lot of windows, a man and another person riding skateboards down a brick road next to the building."
WEB360_200112.mp4,"a couple of people walking down a snowy road, a person riding a skateboard on the snowy surface, a man standing next to a fence in the snow, and a dark tunnel with a light at the end."
WEB360_200113.mp4,"a car driving down a street next to a park with a white fence, a skateboarder doing a trick in the skate park, the sun is shining through the trees in the park."
WEB360_200114.mp4,"a street with cars and motorcycles parked next to a tall building with a clock on it, also including a white van in a parking lot"
WEB360_200115.mp4,a blurry image of a man with a backpack and a man riding a motorcycle on a dirt road in the woods
WEB360_200116.mp4,"a red car driving down a street under a bridge, the street is next to tall buildings."
WEB360_200117.mp4,"a large cave with a narrow opening next to a body of water and a rocky cliff, with a man sitting in a boat traveling down the river."
WEB360_200118.mp4,"a view from a moving vehicle of a train traveling and a person skateboarding over a city bridge, with two people walking across it, over a river."
WEB360_200119.mp4,"a person riding a skateboard on a city street with tall buildings, with cars driving down the street and a car parked on the side of the road."
WEB360_200120.mp4,"a man in a large building with a lot of windows, riding a skateboard down a metal ramp, standing in front of a display, and playing tennis."
WEB360_200121.mp4,"a group of people with luggage, including a woman wearing a face mask, walking through an airport"
WEB360_200122.mp4,"a person riding a skateboard and doing a trick in the air on a street with a car, including a white car, driving next to tall buildings and trees."
WEB360_200123.mp4,"a clothing store in a shopping mall with mannequins in the window, a woman standing in front of the store, a man and a child walking through the store."
WEB360_200124.mp4,"a man standing in a room with a white partition and a clock on the wall, in front of a sign in a building and a TV, with a group of people standing in front of a display."
WEB360_200125.mp4,"a picture of a man with a backpack standing in a covered area with a bench, the area is under a wooden structure, and there is a group of people behind a fence"
WEB360_200126.mp4,"a large cargo ship sailing across a large body of water, the water body including a lighthouse and buildings in the distance."
WEB360_200127.mp4,"a man riding a skateboard down a street next to tall buildings, with a white van also driving down the street."
WEB360_200128.mp4,"a car driving down a street lined with trees, the street next to a fence, a skateboarder doing a trick on a ramp, under the shining sun in the park."
WEB360_200129.mp4,"a city street scene with a man walking down the street next to tall buildings, a truck parked on the side, a bike parked next to a tree, and lots of parked cars."
WEB360_200130.mp4,"a display of a woman's clothing in a mall with a woman standing in front of a glass case, a group of people standing around a store, and a group of people walking through the mall."
WEB360_200131.mp4,"a car and a motorcycle parked on the side of a road next to a tree, with another car driving down a street next to tall buildings"
WEB360_200132.mp4,"a blurry photo of a skateboarder doing a trick in the air at a park with trees, a car, specifically a white one, driving down a tree lined street."
WEB360_200133.mp4,"a car, specifically a white one, driving down a street next to tall buildings and a bridge, with a view of a parking lot from the top of a ramp."
WEB360_200134.mp4,"a car driving down a highway and a street next to tall buildings and a forest, the view taken from the car window."
WEB360_200135.mp4,"a man riding a white boat traveling across a body of water, under the bright sun."
WEB360_200136.mp4,"a view of a large room through a glass door, the room has a counter, a television, large windows, a bench, and couches."
WEB360_200137.mp4,"a view from a car window, driving down a street with a very tall green hedge on the side, passing by a lush green hillside and tall buildings"
WEB360_200138.mp4,"a view of a city from a plane window, the city includes a street with a stop sign, a car driving down next to a traffic light and tall buildings."
WEB360_200139.mp4,"an aerial view of a castle on a cliff overlooking the ocean, with a body of water and a small town in the distance."
WEB360_200140.mp4,"a view of the inside of an airport terminal with a skylight, a sign, a woman looking at her cell phone and a group of people wearing face masks."
WEB360_200141.mp4,"a scene on a street side with a row of parked bikes, a building with a sign on it, and a car parked in front of a bank."
WEB360_200142.mp4,"an aerial view of a person riding a surfboard on a wave covered beach, with a stone wall and a long line of rocks sitting next to the water body."
WEB360_200143.mp4,"a person, possibly a man, riding a skateboard on a city street with tall buildings, near a street corner with a traffic light."
WEB360_200144.mp4,"a group of people under a green umbrella at a park, walking on a sandy beach next to the ocean, and standing on top of the beach."
WEB360_200145.mp4,"a woman walking down a street with a cell phone in her hand, the street has cars parked on both sides and there is a building with a clock on the side of it."
WEB360_200146.mp4,"a group of people in a large room, some of them standing, some walking down a hallway and some riding down an escalator."
WEB360_200147.mp4,"a display of growth, rejuvenation, and fire under control at a museum, with a man wearing a hat and a backpack, standing in a covered area, looking at his cell phone"
WEB360_200148.mp4,"a person riding a skateboard on a city street, with a group of cars parked on a tennis court and a white building with balconies on top of it in the vicinity."
WEB360_200149.mp4,"a street scene with a car, a blue and yellow train, and a white truck all traveling past tall buildings."
WEB360_200150.mp4,"a scene of a street where a white car and a blue bus are driving, nearby features include a forest, a bridge, and a skateboarder doing a trick in the air."
WEB360_200151.mp4,"an airport scene with an empty baggage claim area, a person walking through with a luggage cart, a woman wearing a face mask while riding an escalator, and a group of people wearing masks."
WEB360_200152.mp4,"a view of a couple of men and a group of people sitting on the back of a boat on the water, with a view of a bridge from the boat"
WEB360_200153.mp4,"a person sitting on a bench inside an empty shopping mall, the mall with walls filled with pictures, people walking around and a group of people walking down a hallway."
WEB360_200154.mp4,"a view of a park from a distance with a lot of trees and grass, a man wearing a face mask walking down a sidewalk and another standing next to a building."
WEB360_200155.mp4,"a city street filled with lots of tall buildings, a sign in front of one building, and a group of people walking down the street."
WEB360_200156.mp4,"a view from a porch of a grassy field, a person riding a skateboard down a sidewalk, and a man wearing a hat and a backpack looking at his cell phone."
WEB360_200157.mp4,a view of a city street from a black sports car driving down the street next to tall buildings.
WEB360_200158.mp4,"a city street with a train, cars parked on the side of the road, and a car pulling a trailer down the street next to tall buildings, with a carousel with lights on it in the middle of the street."
WEB360_200159.mp4,"a view of a street with a stop sign on the side, cars driving down and some parked, nearby a lush green park and tall buildings."
WEB360_200160.mp4,"a view of a large body of water, likely the ocean, from a boat next to a rocky cliff, with a man driving and another man sitting on the boat."
WEB360_200161.mp4,"a group of people, including a man with a red suitcase, walking through a large building with a glass ceiling and metal railings, where people are wearing face masks."
WEB360_200162.mp4,"an aerial view of a village on a hill, including a beach and ocean, a dirt road in the mountains, and a body of water"
WEB360_200163.mp4,"a city scene with a parking lot filled with lots of parked cars, a person riding a skateboard on a street, a car parked on the side of the road, and a person riding a bike on a path through a park."
WEB360_200164.mp4,"a city street filled with lots of traffic, tall buildings, a group of people walking, parked cars, a skateboarder riding down a ramp in a park, and a person riding a skateboard on the street."
WEB360_200165.mp4,"a scene on a city street, featuring a person riding a skateboard, cars driving down the street next to tall buildings."
WEB360_200166.mp4,"a city street view from a moving vehicle, filled with lots of tall buildings with a skateboarder doing a trick in the air."
WEB360_200167.mp4,"a view from a car driving down a city street next to tall buildings, with a white car also driving and parked in a parking lot."
WEB360_200168.mp4,"a couple of men, including a man, riding skateboards down a street with a car driving next to tall buildings."
WEB360_200169.mp4,a group of people walking through an airport and down a hallway
WEB360_200170.mp4,"a man riding a skateboard across a city street with a parked dump truck nearby, and a group of people walking across a crosswalk."
WEB360_200171.mp4,"a man with long hair wearing a backpack is flying a kite in a park, the park includes a picnic table, a path with benches and trees."
WEB360_200172.mp4,"a man with a backpack is sitting on a city street viewed from a vehicle, with groups of people walking down the street next to tall buildings"
WEB360_200173.mp4,"a group of people and a woman walking in a mall with a hallway, a man standing in front of a window display."
WEB360_200174.mp4,"a large room in a building with tables and chairs, a red door, a man sitting and another standing, with a person and a group of people walking through the building and down a walkway."
WEB360_200175.mp4,"a blurry photo of a man walking through a building, the building includes a museum, a room with a television, a sign, a lot of furniture, and a hallway."
WEB360_200176.mp4,"a white building with a red sign on top of it, sitting on the side of a road, viewed from a moving vehicle in the city."
WEB360_200177.mp4,"a car, possibly black, driving down a street next to tall buildings, with a view of a construction site from a skateboarder's perspective"
WEB360_200178.mp4,"people, including a couple and a man with his luggage, walking through an airport with a large ceiling."
WEB360_200179.mp4,"an aerial view of a castle near a body of water, the view includes the ocean, a city in the distance, viewed from a cliff."
WEB360_200180.mp4,"a man standing in a park next to a sign, with a street lined with trees and bushes, a group of people standing on a nearby sidewalk, and a scooter parked on the side of the road in front of tall buildings."
WEB360_200181.mp4,"a panoramic view of a desert landscape with a dirt road, a person riding a surf board on a sandy beach, and trees in the background."
WEB360_200182.mp4,"a view from a boat of a large body of water, with a hill in the background and a truck driving down a dirt road next to it"
WEB360_200183.mp4,"a group of people standing in a train station with a long line of luggage carts, in front of a blue wall and around a room."
WEB360_200184.mp4,"a shopping mall filled with lots of people and a long line of shops, the mall having a colorful painted floor and a couple of people standing in front of a display case."
WEB360_200185.mp4,"a view of a city garden with a brick wall in the middle, lots of trees, a sidewalk, a red car and a white car parked on the sides of the road"
WEB360_200186.mp4,"a car and a skateboarder driving and riding down a street respectively, the street is next to tall buildings and a row of red barriers."
WEB360_200187.mp4,"a wide shot of a dirt road in the middle of a grassy field with mountains and sky in the background, a white truck and a car are driving down the road."
WEB360_200188.mp4,"an aerial view of three pyramids in the middle of a desert with a blue sky in the background, and a group of people standing on a dirt field."
WEB360_200189.mp4,"a street scene with a woman walking down the sidewalk next to tall buildings, including a large white building with a brown door and a building that has a bunch of windows on it."
WEB360_200190.mp4,"a person and a man riding a bike and a motorcycle respectively down a brick road, with a city street on the side where cars are parked and a bus is driving, the road is flanked by tall buildings."
WEB360_200191.mp4,a white car driving down a road next to a lush green forest
WEB360_200192.mp4,"a large ferris wheel in a city on a cloudy day, the city street filled with lots of tall buildings, people riding bikes, and a man riding a scooter next to a fence."
WEB360_200193.mp4,"a street in a city lined with tall buildings and parked cars, featuring a car driving, a woman riding a bike, and a man walking."
WEB360_200194.mp4,"a group of people riding scooters down a road, the road with parked motorcycles and bikes on the side."
WEB360_200195.mp4,"a close up of a car driving on a race track and down a road, with a view of a runway from the car window, and a person riding a skateboard down a street."
WEB360_200196.mp4,"a city street filled with lots of traffic next to tall buildings, including two cars parked on the side of the road, another car driving down a street next to a bridge."
WEB360_200197.mp4,"a scene featuring a man and a woman both wearing backpacks, a sign with information about growth and rejuvenation, a building and a display of fire under control in a museum."
WEB360_200198.mp4,"a view of a street next to a traffic light, with a white car, a man riding a motorcycle, and a red bus driving down, also showing a parking lot filled with lots of parked cars."
WEB360_200199.mp4,"a city street with a fountain, a bench, and tall buildings in the background, and groups of people, including a couple, walking down the street and across the road."
WEB360_200200.mp4,"a street with a large building having a lot of windows, cars parked on its side, a group of people standing on the side of the road, and a couple of people walking down the street."
WEB360_200201.mp4,"a white vehicle driving down a street next to tall buildings and trees, with a nearby forest and a skateboarder doing a trick on a ramp."
WEB360_200202.mp4,"a dirt road in the middle of a field with a person riding a motorcycle and a jeep driving down, the field includes a fence and mountains in the background, next to a lush green field."
WEB360_200203.mp4,"a view of a sidewalk and a long brick path with trees and a building in the background, a row of cars parked on the side of the road, and a truck driving down the road with a trailer attached to it."
WEB360_200204.mp4,"a city scene with a blue tarp covering a street, lined with tall buildings, an empty section and a yellow bench sitting in front of a building."
WEB360_200205.mp4,"a view of a city street from a plane, the street viewed from a car window and a vehicle, with a white car driving down next to tall buildings."
WEB360_200206.mp4,a blurry image of a woman with a blue backpack and a man walking down a trail in the woods filled with lots of tall trees.
WEB360_200207.mp4,"a large building with a clock tower on top, a clock on the side and people walking down a street next to it"
WEB360_200208.mp4,"a room filled with tables, chairs, a red umbrella, and white cabinets, with a group of people walking through an airport, and a long hallway with tables and chairs inside of it."
WEB360_200209.mp4,"a bathroom with a white toilet next to a white wall and a mirror, the scene also includes a man with a backpack walking through a tunnel and a group of people walking down a hallway."
WEB360_200210.mp4,"a man in a black jacket and glasses standing in an airport terminal, the terminal has a rainbow painted walkway, people walking through it, and is a large room with lots of windows."
WEB360_101727.mp4," The video features a 360-degree panorama of a secluded tropical forest with a thatched-roof hut nestled among the trees. The lush greenery is under a sky with scattered cumulus clouds, creating a tranquil atmosphere. As the camera moves, the forest canopy's rich tapestry of green hues is highlighted, with the sunlight casting dynamic shadows. The scene remains consistent, with the forest's dense foliage and the hut's rustic charm being the focal points, all under the bright midday sun."
WEB360_101728.mp4,"A 360-degree panorama showcases a rural community in a tropical setting, with thatched-roof structures and wooden platforms. Individuals are seen engaging in daily activities, such as weaving and conversing, amidst lush greenery. The scene is bathed in natural light, highlighting the communal and serene atmosphere. As time passes, the focus remains on the community's interactions within the rustic structures, with the thatched roofs and wooden platforms continuing to dominate the landscape. The warm glow of sunlight enhances the vibrant colors and textures, emphasizing the simplicity and harmony of the community's life."
WEB360_101729.mp4,"A 360-degree panorama showcases a winding river through a dense tropical forest, reflecting the sky's blue and fluffy clouds. Initially, a small wooden structure on the riverbank hints at human presence. As the scene continues, the river's dark waters contrast with the lush greenery, and a solitary wooden hut appears, suggesting a human footprint in this otherwise untouched natural setting. The river's path leads to a small settlement with thatched-roof houses, indicating human habitation amidst the natural beauty, with the sky's dynamic clouds adding depth to the tranquil landscape."
WEB360_101730.mp4,"A 360-degree panorama showcases a rural community in a tropical setting, where indigenous people are engaged in daily activities. Initially, a man cradles a child, and women are seen cooking and socializing by a fire pit, surrounded by lush greenery and colorful bowls. As time passes, the scene shifts slightly, with the man still holding the child, and women and children interacting by the fire, against a backdrop of palm trees and a clear blue sky. The final scene maintains the communal atmosphere, with the group's activities and the serene environment highlighted by the late afternoon sun."
WEB360_101731.mp4," The video features a 360-degree panorama of a serene river winding through a dense tropical forest. Initially, the river reflects the sky's blue and white, with the lush greenery of the forest and a small wooden structure on the bank. As the video continues, the sky becomes more dynamic, with the river's dark waters contrasting the vibrant greenery and the thatched-roof structure, suggesting a human presence. The scene remains tranquil, with the river's still waters mirroring the sky and the forest's rich greenery, and the wooden structure indicating a subtle human presence."
WEB360_101732.mp4,"A 360-degree panorama reveals a rural community in the Amazon, with a thatched-roof structure housing nine individuals engaged in various activities. The wooden floor is adorned with household items and personal belongings, set against lush greenery and a serene river. As time passes, the scene remains consistent, highlighting the communal living space and the simplicity of the community's lifestyle. The thatched roof and wooden floor, along with the natural light, emphasize the warmth and tranquility of the environment. The absence of modern technology underscores the traditional and serene nature of the community."
WEB360_101733.mp4,"A 360-degree panorama showcases a serene river winding through a dense tropical forest, reflecting the blue sky and fluffy clouds. Initially, a small wooden structure on the riverbank hints at human presence. As the scene progresses, the river is lined with lily pads and small wooden huts, suggesting a secluded, natural community. The tranquility of the environment is emphasized by the absence of wildlife or human activity. The river continues to meander, bordered by dense foliage and lily pads, with a small wooden structure on the bank, under a vivid blue sky with fluffy white clouds."
WEB360_101734.mp4,"A 360-degree panorama reveals a vibrant riverside community in the Amazon, where indigenous people engage in daily activities. Initially, individuals are seen conversing, cooking, and washing on wooden platforms under thatched huts, with a small boat docked nearby. As time passes, the focus shifts to a woman washing dishes and children playing, highlighting the communal and rustic lifestyle. The scene transitions to show people washing clothes and interacting, with a wooden bridge connecting to another settlement. Finally, the panorama captures a woman washing dishes and children playing, emphasizing the simplicity and communal life amidst lush greenery."
WEB360_101735.mp4," The video features a 360-degree panorama of a dense tropical forest under a bright blue sky with fluffy white clouds. Sunlight filters through the canopy, creating a dappled effect on the forest floor. A serene river winds through the forest, reflecting the sky and the lush greenery. The absence of wildlife or human activity emphasizes the forest's untouched beauty. The camera maintains a consistent aerial view, capturing the forest's vibrant greenery and the tranquil river, highlighting the natural splendor and serenity of the environment."
WEB360_101736.mp4," The video features a 360-degree panorama of ancient stone towers in a verdant valley, with the sun casting dynamic shadows and highlighting the textured surfaces of the towers. The surrounding mountains are softly blurred, creating a tranquil atmosphere. As the video continues, the sun's position shifts, and the clouds move, adding a sense of motion to the scene. The landscape is bathed in sunlight, with the clouds drifting across the sky, enhancing the serene yet somber mood of the historical ruins. The video concludes with the sun's position changing, casting a warm glow over the scene."
WEB360_101737.mp4," The video features a 360-degree panorama of a historic castle ruin set against a backdrop of towering mountains and a clear blue sky. The castle, with its stone walls and towering structures, is surrounded by lush greenery, creating a serene yet somber atmosphere. As the camera moves, the scene remains consistent, highlighting the castle's enduring presence amidst the natural beauty of the landscape. The sunlight bathes the scene in a warm glow, emphasizing the textures and colors of the environment, and the absence of modern interference accentuates the castle's historical significance."
WEB360_101738.mp4," Ancient stone towers rise from a verdant hillside under a dynamic sky, with the sun casting a warm glow over the scene. The landscape is marked by a dirt path, suggesting exploration, and the absence of modern elements emphasizes the historical solitude. As time passes, the sun's position shifts, highlighting the textured surfaces of the ruins and the lush greenery. The scene remains tranquil, with the sun's rays creating a radiant halo around the ruins, and the absence of human presence evokes a sense of timelessness and serenity."
WEB360_101739.mp4,"A 360-degree panorama showcases a tranquil mountainous landscape, starting with a small village nestled in a valley, surrounded by ancient stone structures and a river, under a sky with soft clouds. As the panorama continues, the village is seen again, this time with a river cutting through the terrain and a road connecting the settlement to the outside world, the sky now dotted with white clouds. The final scene maintains the serene atmosphere, with the village's red-roofed houses and the river reflecting the sky's colors, emphasizing the area's natural beauty and peaceful coexistence."
WEB360_101740.mp4," The video features a 360-degree panorama of a historic mountain village, showcasing stone ruins amidst lush greenery, with a river winding through the valley and mountains in the background under a clear blue sky. As the camera moves, it reveals the village's medieval architecture, including towering structures and stone walls, all under the same clear sky. The scene is tranquil, with no modern interference, and the camera's spherical panorama emphasizes the village's timeless beauty and the serene, untouched landscape."
WEB360_101741.mp4," The video features a tranquil, panoramic landscape of a valley with a river winding through lush greenery under a bright blue sky with fluffy clouds. The sun's rays create a warm, inviting atmosphere, and the absence of human activity emphasizes the natural beauty. The scene is consistently serene, with the sun's position slightly changing, casting a warm glow over the landscape. The video's description of ""生活"" suggests a focus on the natural environment, possibly indicating a theme of tranquility and the beauty of the valley."
WEB360_101742.mp4," The video features a historic stone tower atop a rugged mountain peak, surrounded by lush greenery and ancient stone structures. The tower, with its weathered walls, stands as a testament to the past amidst the natural beauty of the undulating hills and the sky, which is a mix of white and blue with scattered clouds. The scene is tranquil, with no modern interference, and the lighting suggests it might be early morning or late afternoon. The camera provides a 360-degree panorama, highlighting the serene and timeless landscape."
WEB360_101743.mp4," The video features a 360-degree panorama of a mountainous landscape with a sunlit peak and a dramatic sky. Initially, the terrain is rugged with a narrow path leading to the peak, and ancient stone ruins are visible. As the video continues, the sun's rays pierce through the clouds, casting shadows on the green slopes, and a solitary road is seen snaking through the valley. The scene is tranquil, with no human presence. The video concludes with the sun highlighting the greenery and a stone tower on a craggy outcrop, with a road suggesting human exploration."
WEB360_101744.mp4,"A herd of cows with reddish-brown and white coats grazes across a verdant field, bordered by a gentle river reflecting the sky's blue. The scene is set against rolling hills under a dramatic sky, with clouds casting shadows over the tranquil landscape. As time passes, the cows continue to graze peacefully, with the river's path and the sky's dynamic clouds enhancing the serene atmosphere. The cows' reddish-brown and white coats blend into the greenery, and the river's reflective surface mirrors the sky's blue, creating a tranquil and timeless rural scene."
WEB360_101745.mp4," The video features a 360-degree panorama of a tranquil, mountainous landscape with a prominent rock formation rising from lush greenery. The sky is a mix of white and blue, with clouds drifting across the scene. As the video continues, the panoramic view maintains its focus on the rugged terrain, the ancient stone tower, and the natural beauty of the undulating hills and the sky, which remains a dynamic backdrop. The video concludes with a similar scene, emphasizing the serene and untouched wilderness of the mountains and the sky."
WEB360_101746.mp4," The video features a 360-degree panorama of a verdant valley with ancient stone ruins at its heart, surrounded by a river and mountains under a dramatic sky. As the camera moves, the ruins, with their weathered stone walls and towering columns, are shown in more detail, with the river reflecting the sky's mood and the mountains adding depth. The scene is tranquil, with no modern interference, and the overcast sky enhances the sense of timelessness. The camera's spherical panorama captures the valley's serene beauty and the enduring legacy of the ruins."
WEB360_101747.mp4," The video features a 360-degree panorama of an ancient stone tower complex on a hillside, with a small village at its base. The scene is set against a backdrop of greenery and mountains under a partly cloudy sky. As the video progresses, the camera captures the same landscape, emphasizing the contrast between the historical ruins and the modern village. The overcast sky enhances the tranquil yet melancholic atmosphere, highlighting the blend of past and present in the rural setting. The video maintains a focus on the serene yet somber mood of the ancient stone structures and the surrounding greenery."
WEB360_101748.mp4," The video features a 360-degree panorama of a historic mountain village, showcasing ancient stone ruins with towering structures and arched doorways amidst lush greenery. The overcast sky enhances the scene's tranquility and timelessness. As the camera moves, the ruins' weathered facades and the surrounding green hills are highlighted, with the sky's soft light creating a serene yet melancholic atmosphere. The absence of modern interference and the presence of a watermark 'Kilikin' suggest a focus on the historical and natural beauty of the landscape."
WEB360_101749.mp4,"A group of nine individuals, dressed in semi-formal attire, stands on a stone pathway in a lush, green landscape, with a rustic wooden house in the background under a clear blue sky. The scene transitions to a 360-degree panorama, showing the group in a celebratory mood, with a bride in a white dress and a groom in a suit, surrounded by others in casual to semi-formal wear, some holding drinks. The atmosphere is festive, with a man in a yellow hard hat and sunglasses, and a woman in a white hat and sunglasses, indicating a special occasion."
WEB360_101750.mp4,"A panoramic view of a snow-capped mountain peak dominates the landscape, with the terrain's ruggedness highlighted by the sunlight piercing through clouds. The scene transitions to show the mountain's slopes and the surrounding terrain's reddish-brown hues under a clear blue sky, emphasizing the natural beauty and tranquility without any human presence. The view continues to showcase the mountain's slopes and the contrast between the white snow and the dark rocky terrain, with the sky's blue and wispy clouds adding to the serene atmosphere. The video concludes with a 360-degree panorama of the mountainous terrain, emphasizing the untouched wilderness."
WEB360_101751.mp4,"A group of seven individuals gathers on a snowy mountain peak for a wedding ceremony, with a bride in a white dress and a groom in a black suit at the center. They are surrounded by friends and family, some capturing the moment with smartphones, under a clear blue sky with a sun halo. The scene shifts to show the group around a tepee-like structure, with the bride and groom at the center, and a person in a red jacket filming. The atmosphere is festive, with a 360-degree panorama emphasizing the celebratory mood."
WEB360_101752.mp4,"A group of people in colorful winter attire gathers on a snowy mountain peak, engaging in a communal activity around a wooden structure, possibly a tepee, under a radiant sun creating a halo effect. The scene is set against a backdrop of clear blue sky and rugged terrain, with a camera operator capturing the moment. As time passes, the group, now numbering at least fifteen, continues their gathering around the tepee-like structure, with the sun's halo effect still prominent. The atmosphere is festive, with some individuals holding cameras, suggesting a special event or celebration."
WEB360_101753.mp4,"A panoramic view showcases a rugged mountain peak with snow patches and a solitary figure in red at the summit, surrounded by a vast landscape of greenery and distant mountains under a blue sky with wispy clouds. The scene transitions to a 360-degree panorama, maintaining the focus on the solitary figure atop the snow-capped peak, with the terrain below featuring rocky outcrops and patches of snow. The panoramic view continues, emphasizing the figure's isolation against the backdrop of the rugged terrain and the expansive sky, highlighting the grandeur and solitude of the natural world."
WEB360_101754.mp4," The video features an outdoor dining area in a lush garden with a 360-degree panorama. Initially, eleven people are seen enjoying a meal, with a waiter serving them. The setting includes a tepee-like structure and a white umbrella, under a clear sky. As time passes, the number of diners decreases to nine, with the ambiance remaining warm and convivial. The table is consistently set with plates, glasses, and cutlery, and the overcast sky enhances the tranquil atmosphere. The video concludes with the group still around the table, now with a white canopy overhead, maintaining the serene and social ambiance."
WEB360_101755.mp4,"A panoramic view of a snow-capped mountain peak dominates the landscape, with rugged terrain and patches of snow under a sky of blue and white clouds. The sunlight highlights the mountain's contours, creating a sense of tranquility and isolation. As time passes, the scene remains consistent, with the mountain's peak and the surrounding snow-capped peaks bathed in sunlight, emphasizing the untouched wilderness and the absence of human activity. The panoramic view continues to showcase the mountain's grandeur and the serene, isolated atmosphere of the high-altitude wilderness."
WEB360_101756.mp4,"A whale shark glides through the tranquil blue waters of an oceanic expanse, its silhouette highlighted by the gentle glow of sunlight filtering from above. The scene is peaceful, with the shark's journey emphasized by the absence of other life or human presence. As the shark continues, the light plays off its skin, creating a dappled effect that adds depth to the serene underwater tableau. The camera captures the shark's graceful movement, showcasing its impressive size and the quiet beauty of the marine environment."
WEB360_101757.mp4," Under the tranquil blue expanse of an oceanic realm, a diver in a black wetsuit and scuba gear is seen engaging with a colossal, gentle giant of a whale shark. The shark, with its impressive size and spotted skin, glides gracefully through the water, accompanied by another diver in a yellow wetsuit. As the scene unfolds, the diver in black interacts with the whale shark, now suspended above the ocean floor, while another diver in yellow observes. The interaction continues with the diver in black holding a camera, capturing the moment, and a third diver in yellow floats nearby, all under the gentle illumination of sunlight filtering through the water."
WEB360_101758.mp4,"Under the tranquil blue expanse of an oceanic realm, a group of scuba divers in full gear engage in a serene underwater encounter with a majestic whale shark. Initially, the divers are seen in a gentle ascent, with one capturing the moment on a camera, highlighting the peaceful coexistence between humans and marine life. As time progresses, the scene shifts slightly, showing the divers exploring the gentle embrace of the ocean's surface, with the whale shark's impressive size and the divers' poised exploration emphasized by the soft glow of sunlight filtering through the water. The encounter continues with the divers' graceful ascent, accompanied by the whale shark, showcasing the tranquil beauty of the underwater world."
WEB360_101759.mp4," A diver in a black wetsuit and flippers swims underwater, accompanied by a gentle giant of a whale shark. They are in the tranquil blue waters, with a boat on the surface above them, suggesting a human element to this peaceful encounter. As they move, the diver and shark glide through the water, with the sunlight filtering through, casting a gentle glow on the scene. The presence of a boat with observers indicates a shared human experience with marine life. The diver's path and the shark's graceful movement highlight the serene beauty of the underwater world."
WEB360_101760.mp4,"A tiger is first seen lying on a rocky outcrop within a lush, green enclosure, surrounded by trees and a man-made waterfall, creating a tranquil atmosphere. The scene transitions to a 360-degree panorama, showing the tiger on a mossy rock, with a wooden bridge and a waterfall in the background, under an overcast sky. The environment is rich with greenery, and the absence of humans emphasizes the wildness. The tiger's relaxed posture and the serene setting suggest a peaceful coexistence between the animal and its habitat."
WEB360_101761.mp4,"A tiger with striking orange and black stripes is first seen standing on a mossy rock in a lush, green forest, under an overcast sky, creating a serene yet wild ambiance. The scene transitions to a 360-degree panorama, where the tiger, now with distinctive orange, black, and white stripes, stands on a rocky outcrop, surrounded by dense foliage and a tranquil pond, under the soft light of the overcast sky. The environment suggests a temperate climate, possibly during the early morning or late afternoon, emphasizing the tiger's solitary presence in this natural setting."
WEB360_101762.mp4,"A 360-degree panoramic view showcases a suspension bridge with a metal mesh surface and safety railings, spanning a lush tropical forest. The bridge leads towards distant mountains under a partly cloudy sky, creating a serene atmosphere. Initially, two individuals are seen on the bridge, providing scale and a sense of adventure. As time passes, the number of people on the bridge reduces to three, all dressed in outdoor attire suitable for the warm climate. The surrounding greenery is dense, with the mountains' silhouettes softened by the hazy sky, emphasizing the tranquility and untouched beauty of the natural environment."
WEB360_101763.mp4,"A lion lies on the ground in a zoo enclosure, surrounded by a tall metal fence and a dense forest. The scene is tranquil, with the lion's relaxed posture and the soft lighting creating a serene atmosphere. The 360-degree panorama emphasizes the enclosure's spaciousness and the lion's solitary presence. As time passes, the lighting remains soft, and the overcast sky enhances the peaceful mood. The lion's mane is a blend of brown and gold, and the surrounding foliage is lush, indicating a well-maintained habitat. The camera's movement is smooth, offering a clear view of the lion and the enclosure's details."
WEB360_101764.mp4,"A tiger and a lion are first seen in a tranquil forest setting, with the tiger standing on a dirt path and the lion seated on the ground, both surrounded by dense greenery under an overcast sky. The scene is captured in a 360-degree panorama, emphasizing the animals' presence in their natural habitat. As time progresses, the animals remain in the same setting, with the tiger's dark stripes contrasting against the lion's light brown fur. The forest's canopy diffuses light across the scene, highlighting the wild and serene atmosphere."
WEB360_101765.mp4,"A serene forest canopy is showcased through a 360-degree panorama, featuring a metal suspension bridge with a mesh walkway that meanders through the trees. The lush greenery is highlighted by sunlight filtering through the leaves, creating a tranquil atmosphere. The bridge, devoid of wildlife or human presence, serves as a pathway that blends with the natural surroundings, emphasizing the peacefulness of the forest. The consistent absence of any human activity or wildlife throughout the frames underscores the tranquility and seclusion of the forest."
WEB360_101766.mp4,"A 360-degree panorama showcases a dense, verdant forest with a variety of trees, from slender to broad-leafed, and a small pond reflecting the overcast sky. The forest floor is a mix of greenery and brown earth, with a path suggesting human presence. As the panorama continues, the forest remains tranquil, with the overcast sky casting a soft light, enhancing the lush greenery and the serene atmosphere. The absence of wildlife or human activity throughout emphasizes the forest's undisturbed beauty."
WEB360_101767.mp4,"A tiger is seen walking along a narrow, unpaved path within a dense forest, surrounded by towering trees and underbrush. The scene is enclosed by a tall, dark fence on one side and a contrasting lighter fence on the other, creating a boundary between the wild and human-made structures. The overcast sky softens the light, casting a serene yet somber mood over the landscape. As the tiger continues its journey, the environment remains consistent, with the fence on one side and the absence of human activity highlighting the tiger's solitary passage through the natural setting."
WEB360_101768.mp4,"A serene forest setting is showcased, featuring a rustic wooden bridge with metal railings that meanders through the trees, blending with the natural environment. Initially, the bridge is devoid of wildlife or human activity, emphasizing tranquility. As time passes, a small dog appears, adding life to the scene. The bridge's dark brown wooden panels and black metal railings contrast with the lush greenery, and the overcast sky enhances the peaceful atmosphere. Throughout, the absence of people or animals highlights the quietude of the natural sanctuary."
WEB360_101769.mp4," The video features a tranquil, panoramic view of terraced rice fields at sunset, with the sun casting a golden glow over the water-filled paddies and the undulating hills. The sky transitions from blue to orange, with wispy clouds adding texture. A solitary house is visible, suggesting human habitation amidst the natural beauty. As time passes, the scene remains serene, with the sun's reflection shimmering on the water and the sky's colors deepening. The absence of people and animals emphasizes the peacefulness, and the Chinese text '哈尔迪' appears, likely indicating the location."
WEB360_101770.mp4," The video features a tranquil, panoramic view of terraced rice fields at sunset, with the sun casting a golden glow over the water and the sky transitioning from blue to orange. The fields are surrounded by lush greenery and undulating hills, creating a serene atmosphere. As the sun descends, the clouds are illuminated, and the scene is devoid of people or animals, emphasizing the natural beauty. The Chinese text 'bilibili' appears in the upper right corner, suggesting the video's association with a media platform. The video maintains this peaceful rural landscape throughout."
WEB360_101771.mp4," The video features a tranquil, rural landscape with terraced rice fields and a winding road. Initially, the sun is low, casting a soft glow over the greenery and brown earth, with a small village visible in the distance. As time passes, the sun's position shifts slightly, creating a radiant halo around the misty mountains and a serene atmosphere. The road continues to meander through the fields, with the sun's rays highlighting the textures and colors of the environment. The scene remains peaceful and devoid of people or animals, emphasizing the stillness and beauty of the countryside."
WEB360_101772.mp4," The video features a serene coastal landscape at sunset, with a panoramic view of a rugged cliff and a hidden beach. The setting sun casts a golden glow over the scene, reflecting off the azure waters and creating a tranquil atmosphere. The cliff's striated rock face and the beach's untouched sand are highlighted, with no human presence. As the sun descends, the horizon glows, and the sky transitions from blue to orange, emphasizing the natural beauty and peacefulness of the coastal environment."
WEB360_101773.mp4," The video features a 360-degree panorama of a rugged coastline with cliffs descending into an emerald turquoise sea. The sun, high in the sky, illuminates the scene, creating a radiant glow and soft shadows. The sky is a vivid blue with fluffy white clouds. Throughout the video, there is no sign of human presence, emphasizing the natural beauty and tranquility of the landscape. The camera maintains a consistent view of the coastline, capturing the serene and untouched environment."
WEB360_101774.mp4," The video features a serene coastal landscape at sunset, with a rugged cliff descending into a secluded beach. The sky transitions from orange to blue, reflecting off the calm sea. A solitary tree stands on the cliff, symbolizing the untouched beauty of the natural world. As time passes, the sun sets, casting a golden glow over the horizon, and the sky shifts through orange and yellow to deep blue. The cliff's striated rock face and the lush greenery atop it are highlighted, with the solitary tree still visible, emphasizing the tranquility of the scene."
WEB360_101775.mp4," The video features a serene beach with turquoise waters and a rugged cliff adorned with greenery. A solitary boat is moored in the water, and the sun casts a radiant glow over the scene, creating a tranquil atmosphere. The beach is framed by the cliff, and the sun's reflection shimmers on the water's surface. The absence of people and man-made structures throughout the video emphasizes the natural beauty and peacefulness of the coastal landscape. Contrary to the detailed descriptions, the video caption inaccurately mentions a city street with tall buildings and a lot of trees, which does not align with the visual content described in the frames."
WEB360_101776.mp4," The video features a serene seascape with a majestic limestone islet emerging from the deep blue sea, its rugged surface adorned with greenery. Initially, the islet is shown with a solitary boat near its entrance, under a sky with soft clouds. As time passes, the scene includes a panoramic view of the islet, highlighting its natural archway and the surrounding calm waters, with the sun's rays creating a warm glow. The video concludes with a focus on the islet's cave entrance, where the boat is moored, against a backdrop of a sky with soft clouds and the sun's rays."
WEB360_101777.mp4," The video features a serene coastal landscape from a 360-degree panorama, showcasing cliffs descending into the sea with a solitary boat sailing in the distance. The sky is partly cloudy, with the sun casting a warm glow over the scene. As time passes, the view remains tranquil, with the sun's rays highlighting the cliffs and the boat's presence adding a sense of scale and human interaction. The coastline is rugged, with the sun's rays creating a radiant halo around the cliffs, and the boat continues to sail in the distance, emphasizing the vastness of the ocean and the solitude of the environment."
WEB360_101778.mp4," The video features a tranquil rural landscape with a small town at the center, surrounded by lush greenery and rolling hills. The town, with its colorful rooftops, is connected by winding roads, and the scene is bathed in the bright light of the sun, suggesting it's midday. The sky is a clear blue with wispy clouds, and the absence of people and vehicles adds to the serenity. The camera provides a 360-degree panorama, highlighting the town's layout and the natural beauty of the countryside."
WEB360_101779.mp4," The video features a tranquil rural landscape with a small town nestled among rolling hills and fields. The town, with its red-roofed houses, is connected by a winding road, and the scene is bathed in the warm glow of the sun, suggesting it's either early morning or late afternoon. The sky is a clear blue with wispy clouds. As the video continues, the town is shown in more detail, with the sun's position slightly changing, casting a warm glow over the scene, and the road becomes more visible, indicating the town's connection to the outside world."
WEB360_101780.mp4," The video features a 360-degree panorama of a quaint alpine village surrounded by lush greenery and towering mountains. The village, with its colorful buildings and red roofs, is bathed in sunlight, creating a warm, inviting atmosphere. The clear blue sky with scattered clouds enhances the serene setting. As the camera moves, it captures the village's layout, highlighting the winding roads and the central square, while the surrounding landscape remains consistent, emphasizing the village's harmony with nature. The video concludes with a tranquil scene of the village, showcasing the blend of traditional and modern architecture."
WEB360_101781.mp4," The video features a 360-degree panorama of a quaint village nestled in a valley, with the sun casting a warm glow over the scene. The village, surrounded by lush greenery and towering mountains, is connected by a central road. The clear blue sky, dotted with fluffy clouds, enhances the tranquil atmosphere. As the video continues, the sun's position shifts slightly, creating a dazzling effect on the landscape, while the village's buildings, with their dark roofs and white walls, stand out against the natural backdrop. The video concludes with the sun's rays piercing through the clouds, highlighting the village's serene and picturesque setting."
WEB360_101782.mp4,"A red train with large windows and a white undercarriage moves along a curving track through a mountainous landscape under a clear blue sky. The journey, captured in a 360-degree panorama, showcases the train's reflection in the windows, the gravel beneath the tracks, and the rugged terrain with sparse greenery. The train, appearing as a red and white spherical object, contrasts with the natural colors of the environment. The scene is devoid of people, emphasizing the solitude of the train's passage through the serene, high-altitude terrain."
WEB360_101783.mp4,"A red train with the number '4' on its side is at a train station, ready to depart. The station is surrounded by a clear blue sky and a serene mountainous landscape, with passengers waiting on the platform. The scene transitions to a red 'golden' train, then to a red 'Gornergrat' train, and finally to a red 'Golden Pass' train, all at the same station. The trains are ready to embark on their journeys, with passengers engaging with the environment. The surrounding mountains and the bright daylight create a tranquil atmosphere, highlighting the vibrant colors of the trains and the natural beauty of the alpine setting."
WEB360_101784.mp4,"A 360-degree panorama showcases a train journey through a mountainous landscape, with a red train moving along a track that curves around a serene blue lake, surrounded by rugged terrain and towering snow-capped peaks under a bright midday sun. The scenery transitions to a red train traversing a curving track on a rocky mountain, with a glacier and a reflective blue lake in the foreground, under a clear sky. The train continues along a narrow-gauge track, with the glacier and blue lake in the foreground, under a bright midday sun, highlighting the contrast between the vibrant red train and the cool hues of the natural surroundings."
WEB360_101785.mp4,"A 360-degree panorama showcases a majestic mountain range under a clear blue sky, with a prominent glacier flowing down its center. The rugged terrain is dotted with small structures, indicating human presence, and a solitary building on a craggy outcrop suggests a high-altitude research station or lodge. As the panorama continues, the sun casts a brilliant light, highlighting the contrast between the dark mountain shadows and the lighter glacier. Birds in flight add life to the serene high-altitude landscape, with a small building on a craggy outcrop hinting at human presence."
WEB360_101786.mp4," The video features a serene, high-altitude alpine landscape with a majestic mountain range, snow-capped peaks, and a small, reflective lake. The terrain is rugged, with a winding path suggesting human exploration. The sky is a clear blue with wispy clouds, and the lighting indicates it could be morning or late afternoon. As time passes, the scene remains tranquil, with the mountain range and the lake reflecting the sky's colors. The path continues to meander through the valley, and the overall mood is one of peaceful solitude."
WEB360_101787.mp4," The video features a 360-degree panorama of a tranquil mountainous landscape with a reflective lake, rugged peaks, and a dirt path. A solitary figure walks along the path, dwarfed by the natural surroundings, under a sky with scattered clouds. The scene is devoid of wildlife or human-made structures, highlighting the untouched beauty of the alpine environment. The figure continues their walk, adding a sense of scale and movement to the serene setting. The video's description of ""生活"" seems to be inaccurate, as the detailed scenes focus on the natural beauty and the solitary figure's experience."
WEB360_101788.mp4," The video features a serene, high-altitude alpine landscape with a reflective green lake at its center, surrounded by rugged mountains under a vast blue sky with wispy clouds. A solitary path winds along the water's edge, suggesting human exploration. As time passes, the scene remains tranquil, with the lake's surface mirroring the sky and the mountains' peaks. The path continues to invite exploration, and the absence of people or wildlife emphasizes the area's untouched beauty. The video maintains a consistent, peaceful atmosphere throughout."
WEB360_101789.mp4," The video features a serene, high-altitude alpine landscape with a majestic mountain peak under a clear blue sky. A dirt path winds through the terrain, leading to a small wooden structure, possibly a refuge, and a cable car line, suggesting human presence. The scene is tranquil, with no visible wildlife or human activity, and the lighting indicates it could be early morning or late afternoon. The panoramic view is consistent throughout, with the rugged mountain and the small structure at its base, surrounded by a green valley and a blue lake, all under the bright midday sun."
WEB360_101790.mp4," The video features a 360-degree panorama of the Matterhorn mountain, showcasing its snow-capped summit and rugged terrain. The Matterhorn is surrounded by the serene blue of a glacier and the greenery of a valley, with the sky painted in blues and whites. As the video progresses, the Matterhorn's peak is highlighted by the sun, with the sky transitioning from light to dark blue, and the surrounding mountains and valleys are bathed in a warm glow. The video concludes with the Matterhorn's peak under a partly cloudy sky, with the sun casting a warm glow over the landscape."
WEB360_101791.mp4," The video features a 360-degree panorama of the Matterhorn mountain, showcasing its iconic peak and the surrounding snow-capped peaks of the Swiss Alps. The landscape is bathed in sunlight, with the Matterhorn's rugged terrain and the serene blue sky with wispy clouds creating a tranquil and awe-inspiring atmosphere. The panoramic view emphasizes the mountain's grandeur and the untouched beauty of the alpine environment, devoid of any human presence. The camera maintains a steady, immersive perspective throughout the video."
WEB360_101792.mp4," The video features a 360-degree panorama of the Matterhorn mountain, showcasing its snow-capped summit and rugged terrain under a bright blue sky with wispy clouds. The sun casts a glow on the mountain's slopes, highlighting the contrast between the white snow and the rocky landscape. As the video continues, the sun's position shifts, creating a halo effect around the peak and a radiant glow on the snow, with the sky's colors deepening to blues and grays. The final scene maintains the majestic Matterhorn, with the sun's position slightly altering, emphasizing the mountain's grandeur and the tranquil, awe-inspiring alpine environment."
WEB360_101793.mp4," The video features a majestic, snow-capped mountain peak rising from a rugged, rocky terrain under a partly cloudy sky. The mountain's steep, craggy facade is highlighted by the sunlight, creating a stark contrast with the surrounding landscape. As the video continues, the mountain's peak is shown in more detail, with the sunlight casting a warm glow on the stone and ice, and the sky's blue and white hues emphasizing the mountain's grandeur. The video concludes with a 360-degree panorama of the mountain, showcasing the untouched wilderness and the serene, isolated atmosphere."
WEB360_101794.mp4," The video features a 360-degree panorama of a snow-capped mountain range under a bright blue sky with wispy clouds. Initially, the mountains are shown in a tranquil, untouched state, with labels indicating specific peaks. As the video continues, the panoramic view includes a small, isolated structure atop a peak, suggesting a human element in the vast natural landscape. The scene is consistently devoid of any human activity, emphasizing the solitude and untouched beauty of the high-altitude wilderness. The camera maintains a spherical perspective throughout, highlighting the serene and majestic mountains."
WEB360_101795.mp4," The video features a serene, snow-covered mountainous landscape with a prominent glacier flowing between rugged peaks under a sky with dynamic clouds. Initially, the scene is devoid of human activity, highlighting the natural beauty and tranquility of the high-altitude wilderness. As time passes, the sky's swirling clouds and the contrasting dark rocky outcrops become more pronounced, with the glacier's icy white surface and the dark, jagged rocks adding to the scene's majesty. The video maintains a focus on the untouched, snow-blanketed terrain, emphasizing the solitude and grandeur of the natural environment."
WEB360_101796.mp4," The video features a serene, snow-covered mountain range under a clear blue sky. Initially, the mountains are viewed from a high vantage point, with the sun casting sharp shadows and highlighting the rugged terrain. As time passes, the perspective remains aerial, with the sun's position slightly changing, creating a warm glow on the peaks and a cool shadow on the slopes. The landscape is devoid of human activity, emphasizing the natural beauty and tranquility of the high-altitude wilderness. The camera maintains a consistent aerial view throughout, capturing the untouched snow and the majestic mountains."
WEB360_101797.mp4," The video features a serene, snow-covered mountain range under a clear blue sky. Initially, the sun creates a radiant halo around the peak, with the untouched snow highlighting the rugged terrain. As time passes, the sun's position shifts slightly, casting a dazzling glare on the snow and emphasizing the contrast between the white snow and the dark mountain shadows. By the end, the sun's rays pierce through the clouds, illuminating the slopes and creating a starburst effect on the snow, while the absence of human activity or wildlife accentuates the tranquility of the high-altitude wilderness."
WEB360_101798.mp4,"A 360-degree panorama showcases a serene mountainous landscape with lush greenery and steep cliffs, featuring a glass-bottomed bridge spanning a deep canyon. The scene transitions from a soft blue to warm orange hues, suggesting dawn or dusk, with a solitary figure standing on the bridge, adding a human element. As the panorama continues, the bridge, now identified as a glass-bottomed walkway, is highlighted by the warm glow of the sun, emphasizing the tranquility and isolation of the natural setting. The absence of people and animals throughout underscores the peacefulness and isolation of the environment."
WEB360_101799.mp4,"A serene panorama unfolds with a glass-bottomed bridge spanning a deep canyon, its transparent surface revealing the rugged terrain below. The bridge, featuring a sleek white design, contrasts with the natural greens and browns of the steep cliffs and lush greenery. The sky transitions from soft blue to warm orange, suggesting the calm of dawn or dusk. As the scene progresses, the bridge, now with a white, curved design, is bathed in the warm glow of the sun, highlighting the tranquil beauty of the natural landscape. The absence of people or vehicles emphasizes the solitude and serenity of the setting."
WEB360_101800.mp4,"A serene panorama unfolds with a glass-bottomed bridge spanning a deep canyon, its transparent surface revealing the rugged terrain below. The bridge, supported by sturdy steel cables and elegant pylons, connects two lush green cliffs under a vast sky, evoking tranquility and awe. As the scene transitions, the bridge, now with a metal railing, is bathed in the golden light of the sun, highlighting the contrast between the warm sunlight and the cool blue sky. The absence of people or animals adds to the tranquility. Finally, the bridge, with its steel cables and pylons, stretches across the canyon, with visitors appearing tiny against the vastness, under a sky transitioning from blue to orange."
WEB360_101801.mp4,"A serene panorama unfolds with a glass-bottomed bridge spanning a deep canyon, its transparent surface revealing the rugged terrain below. The bridge, supported by steel cables and elegant arches, connects two mountain peaks under a sky transitioning from blue to orange, suggesting dawn or dusk. As the scene progresses, the bridge, now with a white frame and blue glass panels, is bathed in the golden light of the sun, highlighting the lush greenery and the tranquil atmosphere. The absence of people or animals throughout emphasizes the bridge's isolation and the natural beauty of the surrounding landscape."
WEB360_101802.mp4,"A serene panorama unfolds with a glass-bottomed bridge spanning a deep canyon, its transparent surface revealing the rugged terrain below. The bridge, featuring a white steel framework and safety railings, is set against a backdrop of steep cliffs and lush greenery under a clear blue sky, evoking tranquility and awe. As the scene transitions, the bridge, now with a white metal frame and glass panels, is bathed in the golden light of the sun, highlighting the contrast between the bridge's sleek design and the natural textures of the cliffs. The absence of people or animals throughout emphasizes the bridge's isolation and the vastness of the landscape."
WEB360_101803.mp4,"A 360-degree panorama captures a serene mountainous landscape at dusk, featuring a reflective glass bridge arching over a canyon, with visitors on the bridge and a watermark indicating the source. The scene transitions to a panoramic view of the same bridge, now with visitors in winter attire, some taking photos, under a sky with soft blue and orange hues. Finally, the panorama shows the bridge with visitors in casual and winter clothes, some capturing the moment, against a backdrop of steep cliffs and a clear sky, with a watermark 'bilibili'."
WEB360_101804.mp4,"A 360-degree panorama showcases a bustling outdoor amphitheater at dusk, with visitors engaging in various activities on wooden platforms and stairs, surrounded by lush greenery and a mountainous backdrop. The scene transitions to a serene mountainous landscape at dusk, where visitors gather on a wooden platform connected to a suspension bridge by a cable system, under a sky transitioning from blue to orange. The atmosphere is tranquil, highlighted by the warm glow of the setting sun. The gathering continues on a wooden amphitheater with a central stage, surrounded by pine trees and a mountainous backdrop, under a twilight sky."
WEB360_101805.mp4," The video features a serene river with traditional wooden boats moored along its banks, surrounded by lush greenery and steep cliffs. A red-tiled pavilion overlooks the water, with the sun casting a warm glow, creating a tranquil atmosphere. As time passes, the scene remains largely unchanged, maintaining the peaceful setting with the boats and the pavilion. The only noticeable change is a red flower floating on the water's surface, adding a splash of color to the natural landscape. The consistent presence of the Chinese text 'Bilibili' suggests the footage is part of a virtual reality experience."
WEB360_101806.mp4,"A wooden pathway, bordered by a metal railing and flanked by lush greenery, winds through a cave, leading to a brightly lit exit. The scene is tranquil, with a few individuals exploring the serene environment. As the pathway continues, it is revealed to be a 360-degree panorama, with the text 'Bilibili' indicating the source. The pathway, now with yellow safety stripes, is flanked by steep, shadowed cliffs and a verdant canopy, with a few visitors exploring the tranquil, natural retreat. The journey through the cave is marked by a sense of adventure and exploration, highlighted by the contrasting textures of the smooth pathway and the rough cave walls."
WEB360_101807.mp4,"A 360-degree panorama showcases a serene waterfall cascading down a rocky cliff into a tranquil pool, surrounded by lush greenery. The scene is bathed in sunlight, creating a warm, inviting atmosphere. A solitary figure stands on a pathway, dwarfed by the natural grandeur, suggesting a human connection to this peaceful setting. As time passes, the figure remains on the pathway, emphasizing the vastness of the landscape and the tranquility of the environment. The presence of a watermark 'bilibili' indicates the source of this virtual reality experience."
WEB360_101808.mp4,"A tranquil waterfall cascades down a rocky cliff into a serene pool, surrounded by lush greenery and a solitary tree with a prominent root system, under an overcast sky. A stone pathway leads to a viewpoint, suggesting human admiration. The scene transitions to a 360-degree panorama, showing the waterfall, a limestone cave, and a tranquil turquoise lake, with a wooden pathway inviting exploration. The environment is peaceful, with no wildlife or human activity, under soft lighting. The landscape is marked by a watermark, indicating the source."
WEB360_101809.mp4,"A 360-degree panorama showcases a tranquil canyon with a wooden boardwalk meandering through, bordered by steep cliffs and lush greenery. A small stream reflects the soft light, with a red trash bin indicating human presence. As the scene unfolds, the canyon's serene beauty is highlighted by a wooden pathway, a small waterfall, and a red trash bin, all under an overcast sky. The absence of people and animals emphasizes the peacefulness. The path, flanked by a red trash bin and a yellow rope barrier, suggests safety measures amidst the natural splendor."
WEB360_101810.mp4,"A tranquil stream meanders through a lush, steep-sided gorge, bordered by a wooden fence and a pathway inviting exploration. Two individuals, one in a red jacket and the other in a blue one, are seen standing on the path, immersed in the serene natural setting. The soft lighting suggests it might be early morning or late afternoon. As time passes, the scene remains largely unchanged, with the two hikers continuing their journey along the path, surrounded by the vibrant greenery of the gorge, under the gentle illumination of the sun."
WEB360_101811.mp4,"A wooden pathway, bordered by a simple railing, winds through a lush, green canyon, leading towards a majestic limestone cliff. The soft, diffuse light enhances the tranquil atmosphere, with the text 'Bilibili' suggesting a virtual reality experience. As the pathway continues, it is flanked by steep cliffs and a serene stream, with the soft lighting indicating early morning or late afternoon. The scene transitions to a 360-degree panorama, showing the pathway through a canyon with a reflective stream, surrounded by steep cliffs and lush greenery, under a soft, diffuse light."
WEB360_101812.mp4,"A 360-degree panorama showcases a tranquil outdoor setting with a wooden bridge over a river, surrounded by lush greenery and towering cliffs. Tourists in casual attire are seen walking and taking photos, enjoying the serene environment. The clear blue sky enhances the peaceful atmosphere. As time passes, the scene remains consistent, with the addition of a watermark indicating the image's source. The panoramic view continues to highlight the natural beauty and the leisurely pace of life in this serene location, with the clear sky and bright sunlight emphasizing the vibrant colors and peaceful mood."
WEB360_101813.mp4,"A tranquil river meanders through a lush, green forest, bordered by a wooden pathway inviting exploration. The clear blue waters reflect the sky, enhancing the serene atmosphere. Sunlight filters through the dense canopy, casting dappled shadows on the trail. People are seen walking along the path, immersed in the peacefulness of the natural setting. The scene is a 360-degree panorama, suggesting a virtual reality experience. The river's surface mirrors the sky, and the pathway, flanked by trees, leads to a distant waterfall, with people walking and pausing to soak in the view."
WEB360_101814.mp4," The video features a 360-degree panorama of a cityscape at dawn or dusk, with a river reflecting the sky and a bridge connecting the city's halves. The urban environment is a blend of modern and traditional architecture, with a Gothic church spire and a clock tower. As the video continues, the city is shown bustling with traffic and pedestrians, the river lined with boats, and the sky transitioning from blue to orange. The city's historical buildings, with gabled roofs and ornate facades, are highlighted by the sun's warm glow, with a few individuals enjoying the riverside."
WEB360_101815.mp4," The video features a panoramic view of a cityscape with a river winding through it, surrounded by historic buildings with gabled roofs and ornate facades. The city is bathed in sunlight, with the sun casting a warm glow and elongated shadows. A bridge arches over the river, and the sky transitions from light to dark blue. As the video continues, the city's architecture, including a prominent church spire, is highlighted by the sun's reflection on the water, with the sky remaining clear and blue. The urban landscape is devoid of people, emphasizing the city's stillness."
WEB360_101816.mp4,"A 360-degree panorama showcases a cityscape with a central church spire and a river reflecting the sky, surrounded by buildings in autumn colors. The scene transitions to a city with a Gothic spire and a river, with the sun creating a lens flare over the urban landscape. The panorama continues over the city, highlighting the Gothic spire and the river, with the sun's position changing, casting different shadows. The cityscape is devoid of people, emphasizing the stillness and architectural beauty, with the sun's position near the horizon."
WEB360_101817.mp4," The video features a panoramic view of a cityscape with a river and a bridge, showcasing a blend of historical and modern architecture. The city is bathed in sunlight, with the sky transitioning from blue to orange. The river reflects the sky, and the city's buildings, including a Gothic church with twin towers, are highlighted. The urban environment is alive with moving vehicles and pedestrians, yet the scene remains tranquil. The city's layout suggests a harmonious blend of nature and urban development, with the river and bridge as central elements."
WEB360_101818.mp4," The video features a 360-degree panorama of a cityscape with a river and bridges, showcasing a blend of modern and traditional architecture under a clear blue sky. The city is alive with moving vehicles and boats, reflecting the vibrant urban life. As the video continues, the city's autumnal colors and the reflective river surface are highlighted, with the sun casting a warm glow over the scene. The urban landscape is devoid of people, emphasizing the tranquility of the city at dusk, with the sun's reflection creating a shimmering effect on the water."
WEB360_101819.mp4,"A 360-degree panorama showcases a rural landscape with a central road winding through a forest in autumn colors, leading to a small settlement with red roofs. The scene transitions to a 3D panorama, maintaining the rural setting with a central road, a small building, and a water body, under a sky with contrails. The landscape evolves to include a circular structure amidst the trees, with the sky displaying white clouds and a contrail. Finally, the panorama features a circular earthwork with a central mound, surrounded by trees in autumn colors, under a sky with contrails, suggesting a serene, isolated atmosphere."
WEB360_101820.mp4,"A 360-degree panorama showcases a tranquil autumnal landscape, starting with a wooden boardwalk winding through golden grasses towards a cluster of trees with vibrant yellow and orange leaves under a clear blue sky. As the scene progresses, the path leads to a central gathering point, surrounded by trees in golden and green foliage, with the sun casting a warm glow. The final scene reveals the path curving towards a circular gathering point, with the sun's warm glow highlighting the seasonal colors and creating a serene atmosphere."
WEB360_101821.mp4,"A 360-degree panorama showcases a serene autumnal forest with a winding dirt road leading to an ornate wooden gate, surrounded by trees in vibrant yellow and orange leaves under a clear blue sky. A solitary car is parked on the road, adding a human element to the tranquil scene. As the panorama continues, the forest's golden hues and the parked car remain consistent, with the sunlight casting long shadows and highlighting the season's change. The scene is peaceful, with the car's presence suggesting a quiet visit to this secluded natural retreat."
WEB360_101822.mp4,"A 360-degree panorama showcases a tranquil autumnal forest clearing where horses and deer graze peacefully. The scene is bathed in sunlight, casting long shadows on the ground, and the trees, adorned with yellow and orange leaves, stand tall. The animals, including horses and deer, are scattered across the grassy expanse, contributing to the serene atmosphere. The forest's canopy, painted in fall colors, arches over the scene, with the sun's position slightly changing, indicating the passage of time. This undisturbed natural setting evokes a sense of calm and harmony between wildlife and nature."
WEB360_101823.mp4,"A 360-degree panorama showcases a tranquil forest clearing where deer are seen grazing. The sun, positioned centrally, casts elongated shadows across the ground, highlighting the lush greenery and the autumnal colors of the trees. The scene is peaceful, with no human presence, and the camera's spherical format emphasizes the natural beauty and serenity of the environment. As time passes, the sun's position shifts slightly, maintaining the serene atmosphere and the undisturbed natural setting."
WEB360_101824.mp4,"A 360-degree panorama showcases a tranquil rural setting with a wooden fence and a bench under a tree, surrounded by birch trees in autumn colors. The sun casts long shadows, indicating it's low in the sky. The scene transitions to a wooden balcony overlooking a meadow with a fence and birch trees, the sun's warm glow highlighting the serene atmosphere. The balcony's dark brown railing contrasts with the vibrant greens and yellows of the landscape. The video concludes with a similar view, emphasizing the peacefulness and the absence of people or animals."
WEB360_101825.mp4,"A cow with a dark coat and white facial markings is seen standing at an elevated wooden feeding trough in a serene, autumnal forest. The surrounding trees, adorned with yellow and orange leaves, reach towards a clear blue sky, creating a tranquil atmosphere. The scene is captured using a 360-degree panorama, emphasizing the cow's solitary presence in the expansive, peaceful setting. As time passes, the cow remains at the trough, surrounded by the golden hues of autumn leaves and the clear blue sky, with the camera's spherical panorama highlighting the cow's solitary presence in the expansive, tranquil forest."
WEB360_101826.mp4,"A herd of deer, including adults and fawns, is seen grazing in a lush field under a clear blue sky. The scene is set in a forest with trees displaying a mix of green and autumnal yellow leaves, indicating a seasonal transition. Birds are scattered across the sky, adding to the serene atmosphere. The 360-degree panorama captures the deer in various states of repose, with the forest's canopy casting long shadows on the ground, suggesting it's either early morning or late afternoon. The tranquil scene is consistent throughout, highlighting the peaceful coexistence of wildlife and nature."
